betI	b0313	100	55	DNA-Binding-Region	31	50
phoB	b0399	95.96	48.42	DNA-Binding-Region	129	227
decR	b0447	100	50	DNA-Binding-Region	21	40
cueR	b0487	100	40	DNA-Binding-Region	4	23
cusR	b0571	98.99	43.88	DNA-Binding-Region	125	223
kdpE	b0694	98	42.86	DNA-Binding-Region	126	225
lrp	b0889	100	50	DNA-Binding-Region	31	50
rutR	b1013	100	65	DNA-Binding-Region	39	58
comR	b1111	100	45	DNA-Binding-Region	41	60
puuR	b1299	100	45	DNA-Binding-Region	23	42
pgrR	b1328	100	55	DNA-Binding-Region	21	40
slyA	b1642	100	50	DNA-Binding-Region	49	72
purR	b1658	100	66.67	DNA-Binding-Region	48	56
purR	b1658	100	65	DNA-Binding-Region	4	23
yebK	b1853	100	60	DNA-Binding-Region	37	56
narP	b2193	100	45	DNA-Binding-Region	171	190
atoC	b2220	100	40	DNA-Binding-Region	433	452
gcvA	b2808	100	80	DNA-Binding-Region	23	42
galR	b2837	100	75	DNA-Binding-Region	4	23
argP	b2916	100	70	DNA-Binding-Region	21	40
ttdR	b3060	100	50	DNA-Binding-Region	23	42
nanR	b3226	100	60	DNA-Binding-Region	58	77
zntR	b3292	100	50	DNA-Binding-Region	4	23
ompR	b3405	98	47.47	DNA-Binding-Region	135	234
rtcR	b3422	100	55	DNA-Binding-Region	485	504
rbsR	b3753	100	60	DNA-Binding-Region	4	23
glnG	b3868	100	50	DNA-Binding-Region	445	464
csqR	b3884	100	40	DNA-Binding-Region	25	44
cytR	b3934	100	60	DNA-Binding-Region	12	31
soxR	b4063	100	80	DNA-Binding-Region	14	33
basR	b4113	97.89	40	DNA-Binding-Region	124	218
ulaR	b4191	100	45	DNA-Binding-Region	20	39
rob	b4396	100	50	DNA-Binding-Region	73	96
rob	b4396	100	40.91	DNA-Binding-Region	25	46
gntR	b3438	100	60	DNA-Binding-Region	8	27
