gnl|ECaadb|1002|NP_415616.1	gnl|RZaadb|5329	NP_415616.1
gnl|ECaadb|1004|NP_415618.1	gnl|RZaadb|1895	NP_415618.1
gnl|ECaadb|100|NP_414651.1	gnl|RZaadb|1673	NP_414651.1
gnl|ECaadb|1011|NP_415625.1	gnl|RZaadb|5309	NP_415625.1
gnl|ECaadb|1015|NP_415629.4	gnl|RZaadb|930	NP_415629.4
gnl|ECaadb|1020|NP_415634.1	gnl|RZaadb|5432	NP_415634.1
gnl|ECaadb|1021|NP_415635.4	gnl|RZaadb|70	NP_415635.4
gnl|ECaadb|1023|NP_415637.1	gnl|RZaadb|5810	NP_415637.1
gnl|ECaadb|1031|NP_415645.1	gnl|RZaadb|4615	NP_415645.1
gnl|ECaadb|1034|NP_415648.1	gnl|RZaadb|1178	NP_415648.1
gnl|ECaadb|1037|NP_415651.4	gnl|RZaadb|5784	NP_415651.4
gnl|ECaadb|1071|NP_415693.1	gnl|RZaadb|4691	NP_415693.1
gnl|ECaadb|1072|NP_415694.1	gnl|RZaadb|5733	NP_415694.1
gnl|ECaadb|1076|NP_415698.1	gnl|RZaadb|890	NP_415698.1
gnl|ECaadb|1077|NP_415699.5	gnl|RZaadb|2876	NP_415699.5
gnl|ECaadb|107|NP_414658.1	gnl|RZaadb|4414	NP_414658.1
gnl|ECaadb|1084|NP_415706.1	gnl|RZaadb|2280	NP_415706.1
gnl|ECaadb|1085|NP_415707.1	gnl|RZaadb|4110	NP_415707.1
gnl|ECaadb|1086|NP_415708.1	gnl|RZaadb|4111	NP_415708.1
gnl|ECaadb|1087|NP_415709.2	gnl|RZaadb|1488	NP_415709.2
gnl|ECaadb|1096|NP_415718.6	gnl|RZaadb|5581	NP_415718.6
gnl|ECaadb|1099|NP_415721.1	gnl|RZaadb|947	NP_415721.1
gnl|ECaadb|1103|NP_415725.1	gnl|RZaadb|619	NP_415725.1
gnl|ECaadb|1104|NP_415726.1	gnl|RZaadb|3087	NP_415726.1
gnl|ECaadb|1107|NP_415729.1	gnl|RZaadb|4487	NP_415729.1
gnl|ECaadb|1108|NP_415730.1	gnl|RZaadb|4488	NP_415730.1
gnl|ECaadb|1111|NP_415733.1	gnl|RZaadb|1798	NP_415733.1
gnl|ECaadb|1112|NP_415734.1	gnl|RZaadb|5249	NP_415734.1
gnl|ECaadb|1125|NP_415748.1	gnl|RZaadb|1047	NP_415748.1
gnl|ECaadb|1127|NP_415750.2	gnl|RZaadb|627	NP_415750.2
gnl|ECaadb|1129|NP_415752.1	gnl|RZaadb|5791	NP_415752.1
gnl|ECaadb|1131|NP_415754.1	gnl|RZaadb|528	NP_415754.1
gnl|ECaadb|1133|NP_415758.1	gnl|RZaadb|195	NP_415758.1
gnl|ECaadb|1134|NP_415759.1	gnl|RZaadb|532	NP_415759.1
gnl|ECaadb|1135|NP_415760.1	gnl|RZaadb|533	NP_415760.1
gnl|ECaadb|1136|NP_415761.1	gnl|RZaadb|534	NP_415761.1
gnl|ECaadb|1137|NP_415763.1	gnl|RZaadb|2409	NP_415763.1
gnl|ECaadb|1143|NP_415769.1	gnl|RZaadb|250	NP_415769.1
gnl|ECaadb|1147|NP_415773.1	gnl|RZaadb|3675	NP_415773.1
gnl|ECaadb|1148|NP_415774.1	gnl|RZaadb|313	NP_415774.1
gnl|ECaadb|1150|NP_415776.1	gnl|RZaadb|4262	NP_415776.1
gnl|ECaadb|1151|NP_415777.1	gnl|RZaadb|4263	NP_415777.1
gnl|ECaadb|115|NP_414666.1	gnl|RZaadb|2904	NP_414666.1
gnl|ECaadb|1160|NP_415786.1	gnl|RZaadb|2090	NP_415786.1
gnl|ECaadb|1161|NP_415787.1	gnl|RZaadb|2799	NP_415787.1
gnl|ECaadb|1166|NP_415792.1	gnl|RZaadb|4375	NP_415792.1
gnl|ECaadb|116|NP_414667.4	gnl|RZaadb|164	NP_414667.4
gnl|ECaadb|1171|NP_415797.1	gnl|RZaadb|3383	NP_415797.1
gnl|ECaadb|1178|NP_415804.1	gnl|RZaadb|3048	NP_415804.1
gnl|ECaadb|1187|NP_415813.4	gnl|RZaadb|2851	NP_415813.4
gnl|ECaadb|1188|NP_415814.4	gnl|RZaadb|66	NP_415814.4
gnl|ECaadb|1189|NP_415815.1	gnl|RZaadb|5641	NP_415815.1
gnl|ECaadb|118|NP_414669.1	gnl|RZaadb|2074	NP_414669.1
gnl|ECaadb|1190|NP_415816.1	gnl|RZaadb|4076	NP_415816.1
gnl|ECaadb|1192|NP_415818.1	gnl|RZaadb|3536	NP_415818.1
gnl|ECaadb|119|NP_414670.1	gnl|RZaadb|546	NP_414670.1
gnl|ECaadb|1202|NP_415828.1	gnl|RZaadb|5716	NP_415828.1
gnl|ECaadb|1210|NP_415837.1	gnl|RZaadb|5338	NP_415837.1
gnl|ECaadb|1214|NP_415841.4	gnl|RZaadb|1312	NP_415841.4
gnl|ECaadb|1217|NP_415844.1	gnl|RZaadb|1316	NP_415844.1
gnl|ECaadb|1224|NP_415851.1	gnl|RZaadb|4532	NP_415851.1
gnl|ECaadb|1227|NP_415854.4	gnl|RZaadb|4853	NP_415854.4
gnl|ECaadb|1233|NP_415860.1	gnl|RZaadb|1308	NP_415860.1
gnl|ECaadb|124|NP_414675.1	gnl|RZaadb|3647	NP_414675.1
gnl|ECaadb|1257|NP_415894.4	gnl|RZaadb|1173	NP_415894.4
gnl|ECaadb|1274|NP_415911.1	gnl|RZaadb|3356	NP_415911.1
gnl|ECaadb|1278|NP_415915.1	gnl|RZaadb|4585	NP_415915.1
gnl|ECaadb|1281|NP_415918.1	gnl|RZaadb|2215	NP_415918.1
gnl|ECaadb|1285|NP_415924.1	gnl|RZaadb|4879	NP_415924.1
gnl|ECaadb|1287|NP_415926.4	gnl|RZaadb|2433	NP_415926.4
gnl|ECaadb|1288|NP_415927.1	gnl|RZaadb|3805	NP_415927.1
gnl|ECaadb|1289|NP_415928.1	gnl|RZaadb|2432	NP_415928.1
gnl|ECaadb|1290|NP_415929.1	gnl|RZaadb|2431	NP_415929.1
gnl|ECaadb|1291|NP_415930.1	gnl|RZaadb|1238	NP_415930.1
gnl|ECaadb|1299|NP_415939.2	gnl|RZaadb|5713	NP_415939.2
gnl|ECaadb|1300|NP_415940.1	gnl|RZaadb|4315	NP_415940.1
gnl|ECaadb|1309|NP_415950.4	gnl|RZaadb|2393	NP_415950.4
gnl|ECaadb|1315|NP_415956.1	gnl|RZaadb|5366	NP_415956.1
gnl|ECaadb|1316|NP_415957.1	gnl|RZaadb|1514	NP_415957.1
gnl|ECaadb|1317|NP_415958.1	gnl|RZaadb|1515	NP_415958.1
gnl|ECaadb|1318|NP_415959.1	gnl|RZaadb|1516	NP_415959.1
gnl|ECaadb|1319|NP_415960.1	gnl|RZaadb|522	NP_415960.1
gnl|ECaadb|1320|NP_415961.1	gnl|RZaadb|5138	NP_415961.1
gnl|ECaadb|1324|NP_415965.1	gnl|RZaadb|2897	NP_415965.1
gnl|ECaadb|1329|NP_415970.4	gnl|RZaadb|4665	NP_415970.4
gnl|ECaadb|1348|NP_415995.4	gnl|RZaadb|4959	NP_415995.4
gnl|ECaadb|1352|NP_415999.1	gnl|RZaadb|97	NP_415999.1
gnl|ECaadb|1371|NP_416018.1	gnl|RZaadb|4088	NP_416018.1
gnl|ECaadb|1382|NP_416033.1	gnl|RZaadb|1006	NP_416033.1
gnl|ECaadb|1385|NP_416036.1	gnl|RZaadb|1168	NP_416036.1
gnl|ECaadb|1389|NP_416041.1	gnl|RZaadb|916	NP_416041.1
gnl|ECaadb|1391|NP_416043.1	gnl|RZaadb|4042	NP_416043.1
gnl|ECaadb|139|NP_414690.4	gnl|RZaadb|1030	NP_414690.4
gnl|ECaadb|13|NP_414555.1	gnl|RZaadb|228	NP_414555.1
gnl|ECaadb|1403|NP_416056.1	gnl|RZaadb|4389	NP_416056.1
gnl|ECaadb|1404|NP_416057.1	gnl|RZaadb|4896	NP_416057.1
gnl|ECaadb|1407|NP_416060.1	gnl|RZaadb|3540	NP_416060.1
gnl|ECaadb|141|NP_414692.1	gnl|RZaadb|4130	NP_414692.1
gnl|ECaadb|142|NP_414693.1	gnl|RZaadb|1655	NP_414693.1
gnl|ECaadb|1439|NP_416099.1	gnl|RZaadb|5458	NP_416099.1
gnl|ECaadb|144|NP_414695.1	gnl|RZaadb|4126	NP_414695.1
gnl|ECaadb|1453|NP_416113.1	gnl|RZaadb|5539	NP_416113.1
gnl|ECaadb|1459|NP_416119.1	gnl|RZaadb|5107	NP_416119.1
gnl|ECaadb|1468|NP_416128.1	gnl|RZaadb|2016	NP_416128.1
gnl|ECaadb|1469|NP_416129.1	gnl|RZaadb|2018	NP_416129.1
gnl|ECaadb|1480|NP_416140.1	gnl|RZaadb|3450	NP_416140.1
gnl|ECaadb|1492|NP_416152.1	gnl|RZaadb|5470	NP_416152.1
gnl|ECaadb|1494|NP_416154.1	gnl|RZaadb|391	NP_416154.1
gnl|ECaadb|1495|NP_416155.1	gnl|RZaadb|1151	NP_416155.1
gnl|ECaadb|1497|NP_416157.1	gnl|RZaadb|1960	NP_416157.1
gnl|ECaadb|1498|NP_416159.2	gnl|RZaadb|2566	NP_416159.2
gnl|ECaadb|14|NP_414556.1	gnl|RZaadb|229	NP_414556.1
gnl|ECaadb|1505|NP_416167.1	gnl|RZaadb|5388	NP_416167.1
gnl|ECaadb|1506|NP_416168.1	gnl|RZaadb|420	NP_416168.1
gnl|ECaadb|1509|NP_416171.1	gnl|RZaadb|1303	NP_416171.1
gnl|ECaadb|1511|NP_416173.1	gnl|RZaadb|2910	NP_416173.1
gnl|ECaadb|1513|NP_416175.1	gnl|RZaadb|3019	NP_416175.1
gnl|ECaadb|1514|NP_416176.1	gnl|RZaadb|3232	NP_416176.1
gnl|ECaadb|1515|NP_416178.1	gnl|RZaadb|1710	NP_416178.1
gnl|ECaadb|1516|NP_416179.1	gnl|RZaadb|1205	NP_416179.1
gnl|ECaadb|152|NP_414703.1	gnl|RZaadb|5188	NP_414703.1
gnl|ECaadb|1530|NP_416194.1	gnl|RZaadb|5466	NP_416194.1
gnl|ECaadb|1531|NP_416195.1	gnl|RZaadb|1953	NP_416195.1
gnl|ECaadb|1533|NP_416197.1	gnl|RZaadb|1955	NP_416197.1
gnl|ECaadb|1534|NP_416198.2	gnl|RZaadb|389	NP_416198.2
gnl|ECaadb|1538|NP_416202.1	gnl|RZaadb|4040	NP_416202.1
gnl|ECaadb|1543|NP_416207.1	gnl|RZaadb|4272	NP_416207.1
gnl|ECaadb|1545|NP_416209.1	gnl|RZaadb|2590	NP_416209.1
gnl|ECaadb|1546|NP_416210.4	gnl|RZaadb|4947	NP_416210.4
gnl|ECaadb|1551|NP_416215.1	gnl|RZaadb|551	NP_416215.1
gnl|ECaadb|1552|NP_416216.5	gnl|RZaadb|3058	NP_416216.5
gnl|ECaadb|1557|NP_416221.1	gnl|RZaadb|5469	NP_416221.1
gnl|ECaadb|1561|NP_416225.1	gnl|RZaadb|5434	NP_416225.1
gnl|ECaadb|1563|NP_416227.1	gnl|RZaadb|2735	NP_416227.1
gnl|ECaadb|1564|NP_416228.1	gnl|RZaadb|3421	NP_416228.1
gnl|ECaadb|1565|NP_416229.1	gnl|RZaadb|3422	NP_416229.1
gnl|ECaadb|1567|NP_416231.1	gnl|RZaadb|311	NP_416231.1
gnl|ECaadb|1569|NP_416233.1	gnl|RZaadb|6078	NP_416233.1
gnl|ECaadb|156|NP_414708.1	gnl|RZaadb|3322	NP_414708.1
gnl|ECaadb|1570|NP_416234.1	gnl|RZaadb|1924	NP_416234.1
gnl|ECaadb|157|NP_414709.1	gnl|RZaadb|3342	NP_414709.1
gnl|ECaadb|1588|NP_416254.1	gnl|RZaadb|2914	NP_416254.1
gnl|ECaadb|158|NP_414710.1	gnl|RZaadb|310	NP_414710.1
gnl|ECaadb|1597|NP_416263.1	gnl|RZaadb|1252	NP_416263.1
gnl|ECaadb|159|NP_414711.1	gnl|RZaadb|674	NP_414711.1
gnl|ECaadb|1607|NP_416273.1	gnl|RZaadb|1527	NP_416273.1
gnl|ECaadb|160|NP_414712.1	gnl|RZaadb|742	NP_414712.1
gnl|ECaadb|1613|NP_416279.1	gnl|RZaadb|1923	NP_416279.1
gnl|ECaadb|1616|NP_416282.4	gnl|RZaadb|5856	NP_416282.4
gnl|ECaadb|161|NP_414713.1	gnl|RZaadb|557	NP_414713.1
gnl|ECaadb|1622|NP_416288.1	gnl|RZaadb|4624	NP_416288.1
gnl|ECaadb|1626|NP_416292.1	gnl|RZaadb|2890	NP_416292.1
gnl|ECaadb|1629|NP_416295.1	gnl|RZaadb|1371	NP_416295.1
gnl|ECaadb|162|NP_414714.1	gnl|RZaadb|558	NP_414714.1
gnl|ECaadb|1631|NP_416297.1	gnl|RZaadb|268	NP_416297.1
gnl|ECaadb|1632|NP_416298.1	gnl|RZaadb|2281	NP_416298.1
gnl|ECaadb|1638|NP_416304.1	gnl|RZaadb|3731	NP_416304.1
gnl|ECaadb|1639|NP_416305.1	gnl|RZaadb|3368	NP_416305.1
gnl|ECaadb|163|NP_414715.1	gnl|RZaadb|4433	NP_414715.1
gnl|ECaadb|1640|NP_416306.2	gnl|RZaadb|4097	NP_416306.2
gnl|ECaadb|1648|NP_416314.1	gnl|RZaadb|4051	NP_416314.1
gnl|ECaadb|164|NP_414716.1	gnl|RZaadb|1788	NP_414716.1
gnl|ECaadb|1653|NP_416319.1	gnl|RZaadb|3288	NP_416319.1
gnl|ECaadb|1657|NP_416323.4	gnl|RZaadb|77	NP_416323.4
gnl|ECaadb|1671|NP_416337.1	gnl|RZaadb|4	NP_416337.1
gnl|ECaadb|1676|NP_416342.4	gnl|RZaadb|5954	NP_416342.4
gnl|ECaadb|1678|NP_416344.1	gnl|RZaadb|4558	NP_416344.1
gnl|ECaadb|1692|NP_416359.1	gnl|RZaadb|2902	NP_416359.1
gnl|ECaadb|1697|NP_416364.1	gnl|RZaadb|5126	NP_416364.1
gnl|ECaadb|1698|NP_416365.1	gnl|RZaadb|3176	NP_416365.1
gnl|ECaadb|1699|NP_416366.1	gnl|RZaadb|297	NP_416366.1
gnl|ECaadb|169|NP_414721.1	gnl|RZaadb|1792	NP_414721.1
gnl|ECaadb|1700|NP_416367.1	gnl|RZaadb|4681	NP_416367.1
gnl|ECaadb|1701|NP_416368.1	gnl|RZaadb|1500	NP_416368.1
gnl|ECaadb|1704|NP_416371.4	gnl|RZaadb|2219	NP_416371.4
gnl|ECaadb|1706|NP_416373.1	gnl|RZaadb|1357	NP_416373.1
gnl|ECaadb|1707|NP_416374.1	gnl|RZaadb|5036	NP_416374.1
gnl|ECaadb|170|NP_414722.1	gnl|RZaadb|559	NP_414722.1
gnl|ECaadb|1711|NP_416378.1	gnl|RZaadb|1481	NP_416378.1
gnl|ECaadb|1713|NP_416380.1	gnl|RZaadb|5448	NP_416380.1
gnl|ECaadb|1719|NP_416386.4	gnl|RZaadb|4162	NP_416386.4
gnl|ECaadb|171|NP_414723.1	gnl|RZaadb|1793	NP_414723.1
gnl|ECaadb|1726|NP_416394.1	gnl|RZaadb|5517	NP_416394.1
gnl|ECaadb|1729|NP_416397.1	gnl|RZaadb|1497	NP_416397.1
gnl|ECaadb|172|NP_414724.1	gnl|RZaadb|1795	NP_414724.1
gnl|ECaadb|1730|NP_416398.1	gnl|RZaadb|1104	NP_416398.1
gnl|ECaadb|1733|NP_416401.1	gnl|RZaadb|866	NP_416401.1
gnl|ECaadb|1736|NP_416404.1	gnl|RZaadb|1108	NP_416404.1
gnl|ECaadb|1742|NP_416410.1	gnl|RZaadb|3290	NP_416410.1
gnl|ECaadb|1744|NP_416413.1	gnl|RZaadb|5157	NP_416413.1
gnl|ECaadb|1745|NP_416414.1	gnl|RZaadb|5158	NP_416414.1
gnl|ECaadb|174|NP_414726.1	gnl|RZaadb|2625	NP_414726.1
gnl|ECaadb|1754|NP_416423.4	gnl|RZaadb|2772	NP_416423.4
gnl|ECaadb|1755|NP_416424.1	gnl|RZaadb|1230	NP_416424.1
gnl|ECaadb|1759|NP_416428.1	gnl|RZaadb|5681	NP_416428.1
gnl|ECaadb|175|NP_414727.1	gnl|RZaadb|4456	NP_414727.1
gnl|ECaadb|1761|NP_416430.1	gnl|RZaadb|4344	NP_416430.1
gnl|ECaadb|176|NP_414728.1	gnl|RZaadb|3520	NP_414728.1
gnl|ECaadb|1777|NP_416451.1	gnl|RZaadb|6013	NP_416451.1
gnl|ECaadb|1784|NP_416458.1	gnl|RZaadb|205	NP_416458.1
gnl|ECaadb|1797|NP_416471.1	gnl|RZaadb|5460	NP_416471.1
gnl|ECaadb|1810|NP_416489.1	gnl|RZaadb|1187	NP_416489.1
gnl|ECaadb|1814|NP_416493.1	gnl|RZaadb|4895	NP_416493.1
gnl|ECaadb|1818|NP_416497.1	gnl|RZaadb|2092	NP_416497.1
gnl|ECaadb|181|NP_414733.1	gnl|RZaadb|1017	NP_414733.1
gnl|ECaadb|1829|NP_416514.4	gnl|RZaadb|6108	NP_416514.4
gnl|ECaadb|1836|NP_416521.2	gnl|RZaadb|942	NP_416521.2
gnl|ECaadb|1839|NP_416524.1	gnl|RZaadb|3240	NP_416524.1
gnl|ECaadb|1842|NP_416527.1	gnl|RZaadb|1022	NP_416527.1
gnl|ECaadb|1843|NP_416528.2	gnl|RZaadb|1020	NP_416528.2
gnl|ECaadb|1844|NP_416529.1	gnl|RZaadb|1019	NP_416529.1
gnl|ECaadb|1848|NP_416533.1	gnl|RZaadb|5349	NP_416533.1
gnl|ECaadb|1856|NP_416542.1	gnl|RZaadb|1206	NP_416542.1
gnl|ECaadb|1857|NP_416543.1	gnl|RZaadb|2747	NP_416543.1
gnl|ECaadb|1858|NP_416544.1	gnl|RZaadb|2746	NP_416544.1
gnl|ECaadb|1862|NP_416548.1	gnl|RZaadb|6134	NP_416548.1
gnl|ECaadb|1867|NP_416553.1	gnl|RZaadb|4184	NP_416553.1
gnl|ECaadb|1870|NP_416556.1	gnl|RZaadb|3131	NP_416556.1
gnl|ECaadb|1871|NP_416557.1	gnl|RZaadb|3132	NP_416557.1
gnl|ECaadb|1879|NP_416565.1	gnl|RZaadb|6112	NP_416565.1
gnl|ECaadb|187|NP_414739.1	gnl|RZaadb|3760	NP_414739.1
gnl|ECaadb|188|NP_414740.1	gnl|RZaadb|3762	NP_414740.1
gnl|ECaadb|1893|NP_416579.1	gnl|RZaadb|2857	NP_416579.1
gnl|ECaadb|1897|NP_416583.1	gnl|RZaadb|4872	NP_416583.1
gnl|ECaadb|189|NP_414741.1	gnl|RZaadb|3761	NP_414741.1
gnl|ECaadb|1914|NP_416604.1	gnl|RZaadb|2322	NP_416604.1
gnl|ECaadb|1916|NP_416606.1	gnl|RZaadb|4655	NP_416606.1
gnl|ECaadb|192|NP_414744.1	gnl|RZaadb|2275	NP_414744.1
gnl|ECaadb|1938|NP_416633.1	gnl|RZaadb|1076	NP_416633.1
gnl|ECaadb|1940|NP_416635.1	gnl|RZaadb|3284	NP_416635.1
gnl|ECaadb|1946|NP_416641.1	gnl|RZaadb|173	NP_416641.1
gnl|ECaadb|1953|NP_416651.1	gnl|RZaadb|2515	NP_416651.1
gnl|ECaadb|1954|NP_416652.4	gnl|RZaadb|2516	NP_416652.4
gnl|ECaadb|1956|NP_416654.1	gnl|RZaadb|4354	NP_416654.1
gnl|ECaadb|1957|NP_416655.1	gnl|RZaadb|1569	NP_416655.1
gnl|ECaadb|196|NP_414748.1	gnl|RZaadb|4465	NP_414748.1
gnl|ECaadb|1972|NP_416670.1	gnl|RZaadb|1987	NP_416670.1
gnl|ECaadb|1984|NP_416682.4	gnl|RZaadb|3460	NP_416682.4
gnl|ECaadb|1985|NP_416683.1	gnl|RZaadb|277	NP_416683.1
gnl|ECaadb|1986|NP_416684.1	gnl|RZaadb|3459	NP_416684.1
gnl|ECaadb|1987|NP_416685.1	gnl|RZaadb|3458	NP_416685.1
gnl|ECaadb|1989|NP_416687.1	gnl|RZaadb|1638	NP_416687.1
gnl|ECaadb|198|NP_414750.1	gnl|RZaadb|949	NP_414750.1
gnl|ECaadb|1997|NP_416697.1	gnl|RZaadb|4928	NP_416697.1
gnl|ECaadb|1999|NP_416699.1	gnl|RZaadb|4372	NP_416699.1
gnl|ECaadb|2000|NP_416700.1	gnl|RZaadb|5963	NP_416700.1
gnl|ECaadb|2001|NP_416701.1	gnl|RZaadb|6064	NP_416701.1
gnl|ECaadb|2003|NP_416703.1	gnl|RZaadb|5687	NP_416703.1
gnl|ECaadb|2005|NP_416705.2	gnl|RZaadb|4374	NP_416705.2
gnl|ECaadb|2016|NP_416716.1	gnl|RZaadb|858	NP_416716.1
gnl|ECaadb|2017|NP_416717.1	gnl|RZaadb|3319	NP_416717.1
gnl|ECaadb|2024|NP_416724.1	gnl|RZaadb|5072	NP_416724.1
gnl|ECaadb|2025|NP_416725.1	gnl|RZaadb|4583	NP_416725.1
gnl|ECaadb|2026|NP_416726.1	gnl|RZaadb|4584	NP_416726.1
gnl|ECaadb|2034|NP_416735.1	gnl|RZaadb|1523	NP_416735.1
gnl|ECaadb|2046|NP_416748.1	gnl|RZaadb|1659	NP_416748.1
gnl|ECaadb|2047|NP_416749.4	gnl|RZaadb|4056	NP_416749.4
gnl|ECaadb|204|NP_414757.1	gnl|RZaadb|4820	NP_414757.1
gnl|ECaadb|2054|NP_416756.6	gnl|RZaadb|1615	NP_416756.6
gnl|ECaadb|2068|NP_416770.1	gnl|RZaadb|1942	NP_416770.1
gnl|ECaadb|2077|NP_416779.2	gnl|RZaadb|1470	NP_416779.2
gnl|ECaadb|2078|NP_416780.1	gnl|RZaadb|2631	NP_416780.1
gnl|ECaadb|2083|NP_416785.1	gnl|RZaadb|2588	NP_416785.1
gnl|ECaadb|2085|NP_416787.1	gnl|RZaadb|2586	NP_416787.1
gnl|ECaadb|2086|NP_416788.1	gnl|RZaadb|5423	NP_416788.1
gnl|ECaadb|2090|NP_416792.1	gnl|RZaadb|1129	NP_416792.1
gnl|ECaadb|2094|NP_416796.2	gnl|RZaadb|2730	NP_416796.2
gnl|ECaadb|2103|NP_416805.1	gnl|RZaadb|3109	NP_416805.1
gnl|ECaadb|2107|NP_416809.1	gnl|RZaadb|4239	NP_416809.1
gnl|ECaadb|2110|NP_416812.1	gnl|RZaadb|4926	NP_416812.1
gnl|ECaadb|2113|NP_416815.1	gnl|RZaadb|2798	NP_416815.1
gnl|ECaadb|2117|NP_416819.1	gnl|RZaadb|1016	NP_416819.1
gnl|ECaadb|2119|NP_416821.1	gnl|RZaadb|3323	NP_416821.1
gnl|ECaadb|211|NP_414766.1	gnl|RZaadb|4205	NP_414766.1
gnl|ECaadb|2120|NP_416822.1	gnl|RZaadb|4291	NP_416822.1
gnl|ECaadb|2124|NP_416826.1	gnl|RZaadb|1037	NP_416826.1
gnl|ECaadb|2128|NP_416830.1	gnl|RZaadb|2089	NP_416830.1
gnl|ECaadb|2130|NP_416832.1	gnl|RZaadb|5496	NP_416832.1
gnl|ECaadb|2140|NP_416843.1	gnl|RZaadb|3250	NP_416843.1
gnl|ECaadb|2149|NP_416852.1	gnl|RZaadb|2245	NP_416852.1
gnl|ECaadb|214|NP_414769.1	gnl|RZaadb|1306	NP_414769.1
gnl|ECaadb|2160|NP_416867.1	gnl|RZaadb|5925	NP_416867.1
gnl|ECaadb|2165|NP_416872.4	gnl|RZaadb|2311	NP_416872.4
gnl|ECaadb|216|NP_414773.1	gnl|RZaadb|921	NP_414773.1
gnl|ECaadb|2173|NP_416880.1	gnl|RZaadb|5302	NP_416880.1
gnl|ECaadb|2182|NP_416889.1	gnl|RZaadb|3462	NP_416889.1
gnl|ECaadb|2185|NP_416893.1	gnl|RZaadb|3084	NP_416893.1
gnl|ECaadb|2191|NP_416899.1	gnl|RZaadb|5136	NP_416899.1
gnl|ECaadb|2197|NP_416905.1	gnl|RZaadb|5086	NP_416905.1
gnl|ECaadb|2198|NP_416906.1	gnl|RZaadb|2293	NP_416906.1
gnl|ECaadb|219|NP_414777.1	gnl|RZaadb|5676	NP_414777.1
gnl|ECaadb|2201|NP_416909.1	gnl|RZaadb|3376	NP_416909.1
gnl|ECaadb|2205|NP_416913.1	gnl|RZaadb|377	NP_416913.1
gnl|ECaadb|220|NP_414778.1	gnl|RZaadb|4302	NP_414778.1
gnl|ECaadb|2210|NP_416919.1	gnl|RZaadb|4617	NP_416919.1
gnl|ECaadb|2212|NP_416921.4	gnl|RZaadb|5154	NP_416921.4
gnl|ECaadb|2222|NP_416931.1	gnl|RZaadb|2385	NP_416931.1
gnl|ECaadb|2249|NP_416958.1	gnl|RZaadb|2001	NP_416958.1
gnl|ECaadb|2253|NP_416962.1	gnl|RZaadb|1201	NP_416962.1
gnl|ECaadb|2257|NP_416966.1	gnl|RZaadb|3403	NP_416966.1
gnl|ECaadb|2258|NP_416967.1	gnl|RZaadb|5537	NP_416967.1
gnl|ECaadb|2261|NP_416970.1	gnl|RZaadb|1405	NP_416970.1
gnl|ECaadb|2262|NP_416971.1	gnl|RZaadb|449	NP_416971.1
gnl|ECaadb|2264|NP_416973.1	gnl|RZaadb|2826	NP_416973.1
gnl|ECaadb|2266|NP_416975.1	gnl|RZaadb|5335	NP_416975.1
gnl|ECaadb|2284|NP_416993.2	gnl|RZaadb|362	NP_416993.2
gnl|ECaadb|2285|NP_416994.1	gnl|RZaadb|2767	NP_416994.1
gnl|ECaadb|2286|NP_416995.1	gnl|RZaadb|2768	NP_416995.1
gnl|ECaadb|2287|NP_416996.1	gnl|RZaadb|291	NP_416996.1
gnl|ECaadb|2293|NP_417002.1	gnl|RZaadb|3394	NP_417002.1
gnl|ECaadb|2294|NP_417003.1	gnl|RZaadb|1126	NP_417003.1
gnl|ECaadb|2297|NP_417006.2	gnl|RZaadb|1425	NP_417006.2
gnl|ECaadb|2301|NP_417010.1	gnl|RZaadb|4340	NP_417010.1
gnl|ECaadb|2303|NP_417012.1	gnl|RZaadb|1555	NP_417012.1
gnl|ECaadb|2304|NP_417013.1	gnl|RZaadb|660	NP_417013.1
gnl|ECaadb|2307|NP_417016.4	gnl|RZaadb|1707	NP_417016.4
gnl|ECaadb|2314|NP_417023.1	gnl|RZaadb|1301	NP_417023.1
gnl|ECaadb|2317|NP_417027.1	gnl|RZaadb|1980	NP_417027.1
gnl|ECaadb|2318|NP_417028.1	gnl|RZaadb|1495	NP_417028.1
gnl|ECaadb|2325|NP_417035.1	gnl|RZaadb|4716	NP_417035.1
gnl|ECaadb|2327|NP_417037.1	gnl|RZaadb|2829	NP_417037.1
gnl|ECaadb|2329|NP_417039.1	gnl|RZaadb|5155	NP_417039.1
gnl|ECaadb|2336|NP_417046.1	gnl|RZaadb|1204	NP_417046.1
gnl|ECaadb|2338|NP_417048.1	gnl|RZaadb|2	NP_417048.1
gnl|ECaadb|2347|NP_417058.1	gnl|RZaadb|370	NP_417058.1
gnl|ECaadb|2348|NP_417059.1	gnl|RZaadb|2257	NP_417059.1
gnl|ECaadb|2350|NP_417061.1	gnl|RZaadb|2825	NP_417061.1
gnl|ECaadb|2351|NP_417062.1	gnl|RZaadb|371	NP_417062.1
gnl|ECaadb|2352|NP_417063.1	gnl|RZaadb|1192	NP_417063.1
gnl|ECaadb|2353|NP_417064.1	gnl|RZaadb|3431	NP_417064.1
gnl|ECaadb|2358|NP_417069.1	gnl|RZaadb|4713	NP_417069.1
gnl|ECaadb|235|NP_414796.2	gnl|RZaadb|1862	NP_414796.2
gnl|ECaadb|2362|NP_417073.1	gnl|RZaadb|2266	NP_417073.1
gnl|ECaadb|2364|NP_417075.1	gnl|RZaadb|2494	NP_417075.1
gnl|ECaadb|2372|NP_417083.1	gnl|RZaadb|4489	NP_417083.1
gnl|ECaadb|2373|NP_417084.1	gnl|RZaadb|2373	NP_417084.1
gnl|ECaadb|2374|NP_417085.1	gnl|RZaadb|5419	NP_417085.1
gnl|ECaadb|2386|NP_417098.1	gnl|RZaadb|4368	NP_417098.1
gnl|ECaadb|2389|NP_417101.1	gnl|RZaadb|4369	NP_417101.1
gnl|ECaadb|2395|NP_417109.1	gnl|RZaadb|1806	NP_417109.1
gnl|ECaadb|2396|NP_417110.1	gnl|RZaadb|367	NP_417110.1
gnl|ECaadb|23|NP_414566.1	gnl|RZaadb|5508	NP_414566.1
gnl|ECaadb|2419|NP_417147.1	gnl|RZaadb|4828	NP_417147.1
gnl|ECaadb|242|NP_414805.1	gnl|RZaadb|5986	NP_414805.1
gnl|ECaadb|2431|NP_417159.1	gnl|RZaadb|491	NP_417159.1
gnl|ECaadb|2432|NP_417160.1	gnl|RZaadb|5256	NP_417160.1
gnl|ECaadb|2433|NP_417161.1	gnl|RZaadb|5826	NP_417161.1
gnl|ECaadb|2434|NP_417162.1	gnl|RZaadb|5257	NP_417162.1
gnl|ECaadb|243|NP_414806.1	gnl|RZaadb|3094	NP_414806.1
gnl|ECaadb|2442|NP_417171.1	gnl|RZaadb|2564	NP_417171.1
gnl|ECaadb|2448|NP_417177.1	gnl|RZaadb|1985	NP_417177.1
gnl|ECaadb|244|NP_414807.1	gnl|RZaadb|3516	NP_414807.1
gnl|ECaadb|2450|NP_417179.1	gnl|RZaadb|443	NP_417179.1
gnl|ECaadb|2451|NP_417180.1	gnl|RZaadb|1272	NP_417180.1
gnl|ECaadb|2481|NP_417213.1	gnl|RZaadb|3340	NP_417213.1
gnl|ECaadb|2485|NP_417217.1	gnl|RZaadb|4059	NP_417217.1
gnl|ECaadb|2486|NP_417218.1	gnl|RZaadb|4054	NP_417218.1
gnl|ECaadb|2492|NP_417224.1	gnl|RZaadb|1745	NP_417224.1
gnl|ECaadb|2499|NP_417231.1	gnl|RZaadb|133	NP_417231.1
gnl|ECaadb|24|NP_414567.1	gnl|RZaadb|5507	NP_414567.1
gnl|ECaadb|2500|NP_417232.1	gnl|RZaadb|2963	NP_417232.1
gnl|ECaadb|2510|NP_417242.1	gnl|RZaadb|134	NP_417242.1
gnl|ECaadb|2513|NP_417245.1	gnl|RZaadb|5260	NP_417245.1
gnl|ECaadb|2525|NP_417259.1	gnl|RZaadb|561	NP_417259.1
gnl|ECaadb|2526|NP_417260.1	gnl|RZaadb|1915	NP_417260.1
gnl|ECaadb|2527|NP_417261.1	gnl|RZaadb|5929	NP_417261.1
gnl|ECaadb|2550|NP_417284.1	gnl|RZaadb|3278	NP_417284.1
gnl|ECaadb|2554|NP_417288.1	gnl|RZaadb|2466	NP_417288.1
gnl|ECaadb|2560|NP_417294.4	gnl|RZaadb|5428	NP_417294.4
gnl|ECaadb|2570|NP_417304.1	gnl|RZaadb|2285	NP_417304.1
gnl|ECaadb|2571|NP_417305.1	gnl|RZaadb|2371	NP_417305.1
gnl|ECaadb|2572|NP_417306.1	gnl|RZaadb|191	NP_417306.1
gnl|ECaadb|2573|NP_417307.1	gnl|RZaadb|4299	NP_417307.1
gnl|ECaadb|2577|NP_417311.1	gnl|RZaadb|2793	NP_417311.1
gnl|ECaadb|2580|NP_417314.1	gnl|RZaadb|345	NP_417314.1
gnl|ECaadb|2581|NP_417315.1	gnl|RZaadb|4471	NP_417315.1
gnl|ECaadb|2582|NP_417316.1	gnl|RZaadb|3572	NP_417316.1
gnl|ECaadb|2583|NP_417317.1	gnl|RZaadb|2250	NP_417317.1
gnl|ECaadb|2585|NP_417319.1	gnl|RZaadb|5901	NP_417319.1
gnl|ECaadb|2586|NP_417320.1	gnl|RZaadb|4687	NP_417320.1
gnl|ECaadb|2587|NP_417321.2	gnl|RZaadb|1574	NP_417321.2
gnl|ECaadb|25|NP_414568.1	gnl|RZaadb|3336	NP_414568.1
gnl|ECaadb|2603|NP_417347.1	gnl|RZaadb|5328	NP_417347.1
gnl|ECaadb|2605|NP_417349.4	gnl|RZaadb|2539	NP_417349.4
gnl|ECaadb|2615|NP_417359.1	gnl|RZaadb|2428	NP_417359.1
gnl|ECaadb|2620|NP_417366.1	gnl|RZaadb|1513	NP_417366.1
gnl|ECaadb|2621|NP_417367.1	gnl|RZaadb|1224	NP_417367.1
gnl|ECaadb|2622|NP_417368.1	gnl|RZaadb|1771	NP_417368.1
gnl|ECaadb|2624|NP_417370.1	gnl|RZaadb|5699	NP_417370.1
gnl|ECaadb|2629|NP_417375.1	gnl|RZaadb|364	NP_417375.1
gnl|ECaadb|2632|NP_417378.1	gnl|RZaadb|4413	NP_417378.1
gnl|ECaadb|2633|NP_417379.1	gnl|RZaadb|1949	NP_417379.1
gnl|ECaadb|2634|NP_417380.1	gnl|RZaadb|838	NP_417380.1
gnl|ECaadb|2635|NP_417381.1	gnl|RZaadb|1948	NP_417381.1
gnl|ECaadb|2636|NP_417382.1	gnl|RZaadb|4361	NP_417382.1
gnl|ECaadb|2643|NP_417389.1	gnl|RZaadb|2013	NP_417389.1
gnl|ECaadb|2644|NP_417391.1	gnl|RZaadb|2096	NP_417391.1
gnl|ECaadb|2645|NP_417392.1	gnl|RZaadb|3763	NP_417392.1
gnl|ECaadb|2650|NP_417397.1	gnl|RZaadb|2336	NP_417397.1
gnl|ECaadb|2651|NP_417398.1	gnl|RZaadb|851	NP_417398.1
gnl|ECaadb|2654|NP_417401.1	gnl|RZaadb|5047	NP_417401.1
gnl|ECaadb|2655|NP_417402.1	gnl|RZaadb|5837	NP_417402.1
gnl|ECaadb|2656|NP_417403.1	gnl|RZaadb|3296	NP_417403.1
gnl|ECaadb|2662|NP_417412.1	gnl|RZaadb|5437	NP_417412.1
gnl|ECaadb|2666|NP_417417.1	gnl|RZaadb|1061	NP_417417.1
gnl|ECaadb|2671|NP_417422.1	gnl|RZaadb|3378	NP_417422.1
gnl|ECaadb|2672|NP_417423.4	gnl|RZaadb|255	NP_417423.4
gnl|ECaadb|2675|NP_417426.1	gnl|RZaadb|4282	NP_417426.1
gnl|ECaadb|2678|NP_417429.1	gnl|RZaadb|3353	NP_417429.1
gnl|ECaadb|2684|NP_417435.1	gnl|RZaadb|3349	NP_417435.1
gnl|ECaadb|2685|NP_417436.1	gnl|RZaadb|3021	NP_417436.1
gnl|ECaadb|2695|NP_417450.1	gnl|RZaadb|4253	NP_417450.1
gnl|ECaadb|2697|NP_417453.1	gnl|RZaadb|3119	NP_417453.1
gnl|ECaadb|2705|NP_417463.4	gnl|RZaadb|3807	NP_417463.4
gnl|ECaadb|270|NP_414838.2	gnl|RZaadb|4626	NP_414838.2
gnl|ECaadb|2715|NP_417474.1	gnl|RZaadb|2076	NP_417474.1
gnl|ECaadb|2716|NP_417475.1	gnl|RZaadb|176	NP_417475.1
gnl|ECaadb|2717|NP_417476.1	gnl|RZaadb|410	NP_417476.1
gnl|ECaadb|2718|NP_417478.1	gnl|RZaadb|5029	NP_417478.1
gnl|ECaadb|2720|NP_417481.1	gnl|RZaadb|1780	NP_417481.1
gnl|ECaadb|2724|NP_417485.4	gnl|RZaadb|5683	NP_417485.4
gnl|ECaadb|2728|NP_417491.1	gnl|RZaadb|1203	NP_417491.1
gnl|ECaadb|2745|NP_417510.1	gnl|RZaadb|3911	NP_417510.1
gnl|ECaadb|2757|NP_417523.1	gnl|RZaadb|2436	NP_417523.1
gnl|ECaadb|2759|NP_417525.1	gnl|RZaadb|2862	NP_417525.1
gnl|ECaadb|2763|NP_417529.1	gnl|RZaadb|819	NP_417529.1
gnl|ECaadb|2765|NP_417531.1	gnl|RZaadb|2617	NP_417531.1
gnl|ECaadb|2766|NP_417532.1	gnl|RZaadb|3120	NP_417532.1
gnl|ECaadb|276|NP_414845.1	gnl|RZaadb|2961	NP_414845.1
gnl|ECaadb|2770|NP_417536.1	gnl|RZaadb|4394	NP_417536.1
gnl|ECaadb|2775|NP_417541.1	gnl|RZaadb|2113	NP_417541.1
gnl|ECaadb|277|NP_414846.1	gnl|RZaadb|5957	NP_414846.1
gnl|ECaadb|278|NP_414847.3	gnl|RZaadb|1164	NP_414847.3
gnl|ECaadb|27|NP_414570.1	gnl|RZaadb|3036	NP_414570.1
gnl|ECaadb|2804|NP_417573.1	gnl|RZaadb|5394	NP_417573.1
gnl|ECaadb|2806|NP_417575.1	gnl|RZaadb|1331	NP_417575.1
gnl|ECaadb|2811|NP_417585.2	gnl|RZaadb|5013	NP_417585.2
gnl|ECaadb|2813|NP_417587.1	gnl|RZaadb|869	NP_417587.1
gnl|ECaadb|2819|NP_417594.3	gnl|RZaadb|2058	NP_417594.3
gnl|ECaadb|2822|NP_417597.1	gnl|RZaadb|3277	NP_417597.1
gnl|ECaadb|2838|NP_417615.1	gnl|RZaadb|1055	NP_417615.1
gnl|ECaadb|2845|NP_417622.2	gnl|RZaadb|1520	NP_417622.2
gnl|ECaadb|2848|NP_417625.1	gnl|RZaadb|5118	NP_417625.1
gnl|ECaadb|2852|NP_417629.1	gnl|RZaadb|1482	NP_417629.1
gnl|ECaadb|2856|NP_417633.4	gnl|RZaadb|3498	NP_417633.4
gnl|ECaadb|2857|NP_417634.1	gnl|RZaadb|5564	NP_417634.1
gnl|ECaadb|2858|NP_417635.1	gnl|RZaadb|3496	NP_417635.1
gnl|ECaadb|2861|NP_417638.1	gnl|RZaadb|271	NP_417638.1
gnl|ECaadb|2866|NP_417643.1	gnl|RZaadb|1477	NP_417643.1
gnl|ECaadb|2867|NP_417644.4	gnl|RZaadb|5339	NP_417644.4
gnl|ECaadb|2868|NP_417645.1	gnl|RZaadb|1478	NP_417645.1
gnl|ECaadb|2869|NP_417646.1	gnl|RZaadb|1124	NP_417646.1
gnl|ECaadb|2871|NP_417648.4	gnl|RZaadb|244	NP_417648.4
gnl|ECaadb|2873|NP_417650.1	gnl|RZaadb|4303	NP_417650.1
gnl|ECaadb|2875|NP_417652.1	gnl|RZaadb|440	NP_417652.1
gnl|ECaadb|2876|NP_417653.1	gnl|RZaadb|4306	NP_417653.1
gnl|ECaadb|2877|NP_417654.1	gnl|RZaadb|5504	NP_417654.1
gnl|ECaadb|2879|NP_417656.1	gnl|RZaadb|3242	NP_417656.1
gnl|ECaadb|2885|NP_417662.1	gnl|RZaadb|1311	NP_417662.1
gnl|ECaadb|2887|NP_417664.1	gnl|RZaadb|5080	NP_417664.1
gnl|ECaadb|2891|NP_417668.1	gnl|RZaadb|35	NP_417668.1
gnl|ECaadb|2892|NP_417669.1	gnl|RZaadb|969	NP_417669.1
gnl|ECaadb|2894|NP_417671.1	gnl|RZaadb|34	NP_417671.1
gnl|ECaadb|289|NP_414859.1	gnl|RZaadb|351	NP_414859.1
gnl|ECaadb|28|NP_414571.1	gnl|RZaadb|2087	NP_414571.1
gnl|ECaadb|2901|NP_417679.2	gnl|RZaadb|5085	NP_417679.2
gnl|ECaadb|2902|NP_417680.1	gnl|RZaadb|515	NP_417680.1
gnl|ECaadb|2914|NP_417693.3	gnl|RZaadb|3631	NP_417693.3
gnl|ECaadb|2918|NP_417697.1	gnl|RZaadb|755	NP_417697.1
gnl|ECaadb|2919|NP_417698.1	gnl|RZaadb|669	NP_417698.1
gnl|ECaadb|2920|NP_417699.1	gnl|RZaadb|4404	NP_417699.1
gnl|ECaadb|2931|NP_417710.1	gnl|RZaadb|2918	NP_417710.1
gnl|ECaadb|2932|NP_417711.1	gnl|RZaadb|3043	NP_417711.1
gnl|ECaadb|2934|NP_417714.1	gnl|RZaadb|1096	NP_417714.1
gnl|ECaadb|2941|NP_417722.1	gnl|RZaadb|159	NP_417722.1
gnl|ECaadb|2945|NP_417726.1	gnl|RZaadb|1273	NP_417726.1
gnl|ECaadb|2953|NP_417736.2	gnl|RZaadb|1266	NP_417736.2
gnl|ECaadb|2954|NP_417737.1	gnl|RZaadb|1779	NP_417737.1
gnl|ECaadb|2960|NP_417745.1	gnl|RZaadb|5538	NP_417745.1
gnl|ECaadb|2961|NP_417746.1	gnl|RZaadb|3324	NP_417746.1
gnl|ECaadb|2964|NP_417749.1	gnl|RZaadb|3247	NP_417749.1
gnl|ECaadb|2965|NP_417751.1	gnl|RZaadb|5254	NP_417751.1
gnl|ECaadb|2967|NP_417753.1	gnl|RZaadb|745	NP_417753.1
gnl|ECaadb|2968|NP_417754.1	gnl|RZaadb|25	NP_417754.1
gnl|ECaadb|2969|NP_417755.1	gnl|RZaadb|445	NP_417755.1
gnl|ECaadb|2970|NP_417756.1	gnl|RZaadb|24	NP_417756.1
gnl|ECaadb|2971|NP_417757.1	gnl|RZaadb|39	NP_417757.1
gnl|ECaadb|2973|NP_417759.1	gnl|RZaadb|2604	NP_417759.1
gnl|ECaadb|2977|NP_417763.1	gnl|RZaadb|41	NP_417763.1
gnl|ECaadb|2978|NP_417764.1	gnl|RZaadb|50	NP_417764.1
gnl|ECaadb|2979|NP_417765.1	gnl|RZaadb|22	NP_417765.1
gnl|ECaadb|2980|NP_417766.1	gnl|RZaadb|42	NP_417766.1
gnl|ECaadb|2981|NP_417767.1	gnl|RZaadb|2606	NP_417767.1
gnl|ECaadb|2982|NP_417768.1	gnl|RZaadb|361	NP_417768.1
gnl|ECaadb|2983|NP_417769.1	gnl|RZaadb|43	NP_417769.1
gnl|ECaadb|2984|NP_417770.1	gnl|RZaadb|360	NP_417770.1
gnl|ECaadb|2986|NP_417772.1	gnl|RZaadb|44	NP_417772.1
gnl|ECaadb|2987|NP_417773.1	gnl|RZaadb|45	NP_417773.1
gnl|ECaadb|2988|NP_417774.1	gnl|RZaadb|358	NP_417774.1
gnl|ECaadb|2989|NP_417775.1	gnl|RZaadb|46	NP_417775.1
gnl|ECaadb|298|NP_414869.1	gnl|RZaadb|4283	NP_414869.1
gnl|ECaadb|2990|NP_417776.1	gnl|RZaadb|733	NP_417776.1
gnl|ECaadb|2991|NP_417777.1	gnl|RZaadb|21	NP_417777.1
gnl|ECaadb|2992|NP_417778.1	gnl|RZaadb|357	NP_417778.1
gnl|ECaadb|2993|NP_417779.1	gnl|RZaadb|2607	NP_417779.1
gnl|ECaadb|2994|NP_417780.1	gnl|RZaadb|20	NP_417780.1
gnl|ECaadb|29|NP_414572.1	gnl|RZaadb|3463	NP_414572.1
gnl|ECaadb|3009|NP_417795.1	gnl|RZaadb|5300	NP_417795.1
gnl|ECaadb|300|NP_414871.1	gnl|RZaadb|3799	NP_414871.1
gnl|ECaadb|3013|NP_417799.1	gnl|RZaadb|5847	NP_417799.1
gnl|ECaadb|3014|NP_417800.1	gnl|RZaadb|122	NP_417800.1
gnl|ECaadb|3015|NP_417801.1	gnl|RZaadb|19	NP_417801.1
gnl|ECaadb|3023|NP_417809.1	gnl|RZaadb|3102	NP_417809.1
gnl|ECaadb|3025|NP_417811.1	gnl|RZaadb|5453	NP_417811.1
gnl|ECaadb|302|NP_414873.1	gnl|RZaadb|954	NP_414873.1
gnl|ECaadb|3032|NP_417818.1	gnl|RZaadb|1079	NP_417818.1
gnl|ECaadb|3038|NP_417824.1	gnl|RZaadb|1245	NP_417824.1
gnl|ECaadb|3040|NP_417827.1	gnl|RZaadb|5318	NP_417827.1
gnl|ECaadb|3053|NP_417843.1	gnl|RZaadb|603	NP_417843.1
gnl|ECaadb|3055|NP_417845.1	gnl|RZaadb|1967	NP_417845.1
gnl|ECaadb|3058|NP_417848.1	gnl|RZaadb|4458	NP_417848.1
gnl|ECaadb|3064|NP_417855.4	gnl|RZaadb|2612	NP_417855.4
gnl|ECaadb|3069|NP_417860.2	gnl|RZaadb|1081	NP_417860.2
gnl|ECaadb|3071|NP_417862.1	gnl|RZaadb|4254	NP_417862.1
gnl|ECaadb|3073|NP_417864.1	gnl|RZaadb|815	NP_417864.1
gnl|ECaadb|3074|NP_417866.4	gnl|RZaadb|3075	NP_417866.4
gnl|ECaadb|3085|NP_417880.1	gnl|RZaadb|4704	NP_417880.1
gnl|ECaadb|3087|NP_417884.1	gnl|RZaadb|3896	NP_417884.1
gnl|ECaadb|3088|NP_417886.1	gnl|RZaadb|5098	NP_417886.1
gnl|ECaadb|3089|NP_417887.1	gnl|RZaadb|5100	NP_417887.1
gnl|ECaadb|3090|NP_417888.1	gnl|RZaadb|69	NP_417888.1
gnl|ECaadb|3091|NP_417889.1	gnl|RZaadb|4590	NP_417889.1
gnl|ECaadb|3092|NP_417890.1	gnl|RZaadb|3997	NP_417890.1
gnl|ECaadb|3098|NP_417898.1	gnl|RZaadb|2292	NP_417898.1
gnl|ECaadb|30|NP_414573.1	gnl|RZaadb|1401	NP_414573.1
gnl|ECaadb|3103|NP_417904.1	gnl|RZaadb|5065	NP_417904.1
gnl|ECaadb|3105|NP_417906.1	gnl|RZaadb|4760	NP_417906.1
gnl|ECaadb|3106|NP_417907.2	gnl|RZaadb|4761	NP_417907.2
gnl|ECaadb|3107|NP_417908.1	gnl|RZaadb|4762	NP_417908.1
gnl|ECaadb|3108|NP_417909.1	gnl|RZaadb|4763	NP_417909.1
gnl|ECaadb|3109|NP_417910.1	gnl|RZaadb|4764	NP_417910.1
gnl|ECaadb|3110|NP_417911.4	gnl|RZaadb|5835	NP_417911.4
gnl|ECaadb|3111|NP_417912.1	gnl|RZaadb|395	NP_417912.1
gnl|ECaadb|3113|NP_417914.1	gnl|RZaadb|1461	NP_417914.1
gnl|ECaadb|3116|NP_417918.1	gnl|RZaadb|1463	NP_417918.1
gnl|ECaadb|3118|NP_417920.1	gnl|RZaadb|165	NP_417920.1
gnl|ECaadb|3120|NP_417922.1	gnl|RZaadb|3105	NP_417922.1
gnl|ECaadb|3125|NP_417927.1	gnl|RZaadb|5698	NP_417927.1
gnl|ECaadb|3126|NP_417928.1	gnl|RZaadb|4463	NP_417928.1
gnl|ECaadb|3143|NP_417949.1	gnl|RZaadb|3172	NP_417949.1
gnl|ECaadb|3150|NP_417956.1	gnl|RZaadb|2769	NP_417956.1
gnl|ECaadb|3151|NP_417957.1	gnl|RZaadb|2011	NP_417957.1
gnl|ECaadb|3154|NP_417960.1	gnl|RZaadb|2103	NP_417960.1
gnl|ECaadb|3163|NP_417970.1	gnl|RZaadb|1474	NP_417970.1
gnl|ECaadb|3171|NP_417978.2	gnl|RZaadb|401	NP_417978.2
gnl|ECaadb|3173|NP_417980.1	gnl|RZaadb|4502	NP_417980.1
gnl|ECaadb|3176|NP_417983.2	gnl|RZaadb|6087	NP_417983.2
gnl|ECaadb|3178|NP_417985.1	gnl|RZaadb|1407	NP_417985.1
gnl|ECaadb|3188|NP_417997.1	gnl|RZaadb|442	NP_417997.1
gnl|ECaadb|3189|NP_417998.1	gnl|RZaadb|3158	NP_417998.1
gnl|ECaadb|318|NP_414889.1	gnl|RZaadb|1625	NP_414889.1
gnl|ECaadb|3190|NP_417999.1	gnl|RZaadb|1123	NP_417999.1
gnl|ECaadb|3191|NP_418000.1	gnl|RZaadb|441	NP_418000.1
gnl|ECaadb|3192|NP_418001.1	gnl|RZaadb|3159	NP_418001.1
gnl|ECaadb|3196|NP_418005.1	gnl|RZaadb|1130	NP_418005.1
gnl|ECaadb|3199|NP_418009.2	gnl|RZaadb|231	NP_418009.2
gnl|ECaadb|319|NP_414890.1	gnl|RZaadb|5988	NP_414890.1
gnl|ECaadb|31|NP_414574.1	gnl|RZaadb|2352	NP_414574.1
gnl|ECaadb|3204|NP_418015.1	gnl|RZaadb|804	NP_418015.1
gnl|ECaadb|3205|NP_418016.1	gnl|RZaadb|3076	NP_418016.1
gnl|ECaadb|3206|NP_418017.1	gnl|RZaadb|3083	NP_418017.1
gnl|ECaadb|3210|NP_418021.1	gnl|RZaadb|5133	NP_418021.1
gnl|ECaadb|3211|NP_418022.1	gnl|RZaadb|5132	NP_418022.1
gnl|ECaadb|3212|NP_418023.1	gnl|RZaadb|2454	NP_418023.1
gnl|ECaadb|3213|NP_418024.1	gnl|RZaadb|114	NP_418024.1
gnl|ECaadb|3214|NP_418025.1	gnl|RZaadb|1440	NP_418025.1
gnl|ECaadb|3231|NP_418045.4	gnl|RZaadb|1519	NP_418045.4
gnl|ECaadb|3238|NP_418054.1	gnl|RZaadb|3527	NP_418054.1
gnl|ECaadb|3239|NP_418055.1	gnl|RZaadb|3528	NP_418055.1
gnl|ECaadb|3246|NP_418062.1	gnl|RZaadb|2429	NP_418062.1
gnl|ECaadb|3247|NP_418063.1	gnl|RZaadb|1415	NP_418063.1
gnl|ECaadb|3248|NP_418064.1	gnl|RZaadb|415	NP_418064.1
gnl|ECaadb|3249|NP_418065.1	gnl|RZaadb|4395	NP_418065.1
gnl|ECaadb|3250|NP_418066.1	gnl|RZaadb|1014	NP_418066.1
gnl|ECaadb|3251|NP_418067.1	gnl|RZaadb|764	NP_418067.1
gnl|ECaadb|3257|NP_418073.1	gnl|RZaadb|2345	NP_418073.1
gnl|ECaadb|3258|NP_418074.1	gnl|RZaadb|2346	NP_418074.1
gnl|ECaadb|326|NP_414899.2	gnl|RZaadb|4841	NP_414899.2
gnl|ECaadb|3274|NP_418090.1	gnl|RZaadb|1139	NP_418090.1
gnl|ECaadb|3275|NP_418091.1	gnl|RZaadb|196	NP_418091.1
gnl|ECaadb|3276|NP_418092.1	gnl|RZaadb|1059	NP_418092.1
gnl|ECaadb|3277|NP_418093.1	gnl|RZaadb|56	NP_418093.1
gnl|ECaadb|327|NP_414900.1	gnl|RZaadb|4842	NP_414900.1
gnl|ECaadb|3280|NP_418096.4	gnl|RZaadb|3366	NP_418096.4
gnl|ECaadb|3281|NP_418097.2	gnl|RZaadb|3372	NP_418097.2
gnl|ECaadb|3284|NP_418101.1	gnl|RZaadb|2791	NP_418101.1
gnl|ECaadb|3288|NP_418105.1	gnl|RZaadb|658	NP_418105.1
gnl|ECaadb|3290|NP_418107.1	gnl|RZaadb|1190	NP_418107.1
gnl|ECaadb|3292|NP_418109.1	gnl|RZaadb|1850	NP_418109.1
gnl|ECaadb|329|NP_414902.1	gnl|RZaadb|4668	NP_414902.1
gnl|ECaadb|3301|NP_418118.2	gnl|RZaadb|5979	NP_418118.2
gnl|ECaadb|3304|NP_418121.1	gnl|RZaadb|2406	NP_418121.1
gnl|ECaadb|330|NP_414903.4	gnl|RZaadb|2760	NP_414903.4
gnl|ECaadb|3323|NP_418142.1	gnl|RZaadb|5087	NP_418142.1
gnl|ECaadb|3328|NP_418148.1	gnl|RZaadb|3096	NP_418148.1
gnl|ECaadb|3332|NP_418156.1	gnl|RZaadb|1054	NP_418156.1
gnl|ECaadb|3333|NP_418157.1	gnl|RZaadb|1060	NP_418157.1
gnl|ECaadb|3336|NP_418161.1	gnl|RZaadb|5534	NP_418161.1
gnl|ECaadb|3337|NP_418162.1	gnl|RZaadb|4274	NP_418162.1
gnl|ECaadb|3351|NP_418177.1	gnl|RZaadb|5128	NP_418177.1
gnl|ECaadb|3354|NP_418180.1	gnl|RZaadb|242	NP_418180.1
gnl|ECaadb|3355|NP_418181.1	gnl|RZaadb|243	NP_418181.1
gnl|ECaadb|3359|NP_418185.1	gnl|RZaadb|1848	NP_418185.1
gnl|ECaadb|335|NP_414911.1	gnl|RZaadb|1426	NP_414911.1
gnl|ECaadb|3360|NP_418186.1	gnl|RZaadb|1847	NP_418186.1
gnl|ECaadb|3362|NP_418188.1	gnl|RZaadb|1544	NP_418188.1
gnl|ECaadb|3363|NP_418189.1	gnl|RZaadb|4421	NP_418189.1
gnl|ECaadb|3364|NP_418190.1	gnl|RZaadb|4420	NP_418190.1
gnl|ECaadb|3371|NP_418197.1	gnl|RZaadb|4275	NP_418197.1
gnl|ECaadb|3379|NP_418207.1	gnl|RZaadb|1101	NP_418207.1
gnl|ECaadb|3380|NP_418208.1	gnl|RZaadb|4964	NP_418208.1
gnl|ECaadb|3381|NP_418209.1	gnl|RZaadb|5778	NP_418209.1
gnl|ECaadb|3382|NP_418210.1	gnl|RZaadb|1125	NP_418210.1
gnl|ECaadb|3384|NP_418214.2	gnl|RZaadb|3377	NP_418214.2
gnl|ECaadb|3392|NP_418228.2	gnl|RZaadb|226	NP_418228.2
gnl|ECaadb|3393|NP_418230.1	gnl|RZaadb|676	NP_418230.1
gnl|ECaadb|3397|NP_418238.1	gnl|RZaadb|3136	NP_418238.1
gnl|ECaadb|3407|NP_418254.2	gnl|RZaadb|5686	NP_418254.2
gnl|ECaadb|3409|NP_418256.1	gnl|RZaadb|4415	NP_418256.1
gnl|ECaadb|3411|NP_418258.1	gnl|RZaadb|5977	NP_418258.1
gnl|ECaadb|3412|NP_418260.1	gnl|RZaadb|1142	NP_418260.1
gnl|ECaadb|3425|NP_418282.1	gnl|RZaadb|1743	NP_418282.1
gnl|ECaadb|3433|NP_418293.2	gnl|RZaadb|2037	NP_418293.2
gnl|ECaadb|3434|NP_418294.1	gnl|RZaadb|5346	NP_418294.1
gnl|ECaadb|3440|NP_418300.1	gnl|RZaadb|3480	NP_418300.1
gnl|ECaadb|3441|NP_418301.3	gnl|RZaadb|3315	NP_418301.3
gnl|ECaadb|3443|NP_418303.2	gnl|RZaadb|6066	NP_418303.2
gnl|ECaadb|3444|NP_418304.1	gnl|RZaadb|1274	NP_418304.1
gnl|ECaadb|3446|NP_418306.1	gnl|RZaadb|194	NP_418306.1
gnl|ECaadb|344|NP_414920.1	gnl|RZaadb|2370	NP_414920.1
gnl|ECaadb|3454|NP_418316.4	gnl|RZaadb|2324	NP_418316.4
gnl|ECaadb|3456|NP_418318.1	gnl|RZaadb|961	NP_418318.1
gnl|ECaadb|3457|NP_418319.2	gnl|RZaadb|3740	NP_418319.2
gnl|ECaadb|3458|NP_418320.2	gnl|RZaadb|3897	NP_418320.2
gnl|ECaadb|345|NP_414921.2	gnl|RZaadb|5334	NP_414921.2
gnl|ECaadb|3469|NP_418331.1	gnl|RZaadb|1537	NP_418331.1
gnl|ECaadb|3475|NP_418337.1	gnl|RZaadb|1656	NP_418337.1
gnl|ECaadb|3485|NP_418348.1	gnl|RZaadb|4796	NP_418348.1
gnl|ECaadb|3486|NP_418350.1	gnl|RZaadb|175	NP_418350.1
gnl|ECaadb|3488|NP_418352.1	gnl|RZaadb|1652	NP_418352.1
gnl|ECaadb|3490|NP_418354.1	gnl|RZaadb|1917	NP_418354.1
gnl|ECaadb|3495|NP_418359.1	gnl|RZaadb|301	NP_418359.1
gnl|ECaadb|3497|NP_418361.1	gnl|RZaadb|3892	NP_418361.1
gnl|ECaadb|34|NP_414578.2	gnl|RZaadb|5771	NP_414578.2
gnl|ECaadb|3502|NP_418366.1	gnl|RZaadb|1025	NP_418366.1
gnl|ECaadb|3503|NP_418367.1	gnl|RZaadb|1024	NP_418367.1
gnl|ECaadb|3505|NP_418369.1	gnl|RZaadb|5131	NP_418369.1
gnl|ECaadb|3506|NP_418370.1	gnl|RZaadb|1545	NP_418370.1
gnl|ECaadb|3507|NP_418371.1	gnl|RZaadb|29	NP_418371.1
gnl|ECaadb|3510|NP_418374.1	gnl|RZaadb|3660	NP_418374.1
gnl|ECaadb|3512|NP_418376.1	gnl|RZaadb|2307	NP_418376.1
gnl|ECaadb|3513|NP_418377.1	gnl|RZaadb|5584	NP_418377.1
gnl|ECaadb|3529|NP_418395.1	gnl|RZaadb|1533	NP_418395.1
gnl|ECaadb|3530|NP_418396.1	gnl|RZaadb|3649	NP_418396.1
gnl|ECaadb|3531|NP_418397.2	gnl|RZaadb|1255	NP_418397.2
gnl|ECaadb|3539|NP_418405.1	gnl|RZaadb|1018	NP_418405.1
gnl|ECaadb|3540|NP_418407.1	gnl|RZaadb|123	NP_418407.1
gnl|ECaadb|3542|NP_418409.1	gnl|RZaadb|117	NP_418409.1
gnl|ECaadb|3543|NP_418410.1	gnl|RZaadb|118	NP_418410.1
gnl|ECaadb|3544|NP_418411.1	gnl|RZaadb|119	NP_418411.1
gnl|ECaadb|3545|NP_418412.1	gnl|RZaadb|5832	NP_418412.1
gnl|ECaadb|3547|NP_418414.1	gnl|RZaadb|121	NP_418414.1
gnl|ECaadb|3548|NP_418415.1	gnl|RZaadb|5914	NP_418415.1
gnl|ECaadb|3551|NP_418418.2	gnl|RZaadb|3819	NP_418418.2
gnl|ECaadb|3553|NP_418421.1	gnl|RZaadb|3820	NP_418421.1
gnl|ECaadb|3554|NP_418422.1	gnl|RZaadb|3817	NP_418422.1
gnl|ECaadb|3556|NP_418425.1	gnl|RZaadb|4273	NP_418425.1
gnl|ECaadb|3559|NP_418428.1	gnl|RZaadb|17	NP_418428.1
gnl|ECaadb|355|NP_414933.1	gnl|RZaadb|241	NP_414933.1
gnl|ECaadb|3564|NP_418433.1	gnl|RZaadb|3079	NP_418433.1
gnl|ECaadb|3565|NP_418434.1	gnl|RZaadb|4289	NP_418434.1
gnl|ECaadb|3568|NP_418437.1	gnl|RZaadb|325	NP_418437.1
gnl|ECaadb|3570|NP_418439.1	gnl|RZaadb|5951	NP_418439.1
gnl|ECaadb|3574|NP_418443.1	gnl|RZaadb|5380	NP_418443.1
gnl|ECaadb|3580|NP_418449.1	gnl|RZaadb|3289	NP_418449.1
gnl|ECaadb|3590|NP_418459.1	gnl|RZaadb|1033	NP_418459.1
gnl|ECaadb|3594|NP_418464.1	gnl|RZaadb|5503	NP_418464.1
gnl|ECaadb|3599|NP_418469.1	gnl|RZaadb|1250	NP_418469.1
gnl|ECaadb|3603|NP_418473.3	gnl|RZaadb|5354	NP_418473.3
gnl|ECaadb|3605|NP_418475.1	gnl|RZaadb|1843	NP_418475.1
gnl|ECaadb|3606|NP_418476.1	gnl|RZaadb|1196	NP_418476.1
gnl|ECaadb|3610|NP_418480.1	gnl|RZaadb|5384	NP_418480.1
gnl|ECaadb|3612|NP_418482.1	gnl|RZaadb|1854	NP_418482.1
gnl|ECaadb|3617|NP_418487.1	gnl|RZaadb|1540	NP_418487.1
gnl|ECaadb|361|NP_414939.1	gnl|RZaadb|1857	NP_414939.1
gnl|ECaadb|3623|NP_418493.1	gnl|RZaadb|4284	NP_418493.1
gnl|ECaadb|362|NP_414940.1	gnl|RZaadb|1858	NP_414940.1
gnl|ECaadb|3641|NP_418511.1	gnl|RZaadb|5243	NP_418511.1
gnl|ECaadb|3644|NP_418514.1	gnl|RZaadb|563	NP_418514.1
gnl|ECaadb|3647|NP_418518.1	gnl|RZaadb|479	NP_418518.1
gnl|ECaadb|3648|NP_418519.1	gnl|RZaadb|1039	NP_418519.1
gnl|ECaadb|3649|NP_418520.1	gnl|RZaadb|3469	NP_418520.1
gnl|ECaadb|3650|NP_418522.1	gnl|RZaadb|274	NP_418522.1
gnl|ECaadb|3651|NP_418523.1	gnl|RZaadb|3468	NP_418523.1
gnl|ECaadb|3652|NP_418524.1	gnl|RZaadb|3467	NP_418524.1
gnl|ECaadb|3653|NP_418525.1	gnl|RZaadb|3466	NP_418525.1
gnl|ECaadb|3656|NP_418530.1	gnl|RZaadb|5557	NP_418530.1
gnl|ECaadb|3663|NP_418537.1	gnl|RZaadb|4025	NP_418537.1
gnl|ECaadb|3669|NP_418543.1	gnl|RZaadb|4550	NP_418543.1
gnl|ECaadb|3677|NP_418551.1	gnl|RZaadb|5417	NP_418551.1
gnl|ECaadb|3688|NP_418562.4	gnl|RZaadb|4667	NP_418562.4
gnl|ECaadb|3691|NP_418566.1	gnl|RZaadb|363	NP_418566.1
gnl|ECaadb|3692|NP_418567.1	gnl|RZaadb|3108	NP_418567.1
gnl|ECaadb|3696|NP_418571.1	gnl|RZaadb|675	NP_418571.1
gnl|ECaadb|3697|NP_418572.4	gnl|RZaadb|388	NP_418572.4
gnl|ECaadb|3699|NP_418574.1	gnl|RZaadb|5404	NP_418574.1
gnl|ECaadb|369|NP_414947.1	gnl|RZaadb|16	NP_414947.1
gnl|ECaadb|3704|NP_418579.2	gnl|RZaadb|4322	NP_418579.2
gnl|ECaadb|3712|NP_418587.1	gnl|RZaadb|3386	NP_418587.1
gnl|ECaadb|3713|NP_418588.1	gnl|RZaadb|5933	NP_418588.1
gnl|ECaadb|3717|NP_418592.1	gnl|RZaadb|5373	NP_418592.1
gnl|ECaadb|3719|NP_418594.1	gnl|RZaadb|1282	NP_418594.1
gnl|ECaadb|371|NP_414949.1	gnl|RZaadb|319	NP_414949.1
gnl|ECaadb|3721|NP_418596.1	gnl|RZaadb|482	NP_418596.1
gnl|ECaadb|3723|NP_418598.1	gnl|RZaadb|1464	NP_418598.1
gnl|ECaadb|3724|NP_418599.1	gnl|RZaadb|995	NP_418599.1
gnl|ECaadb|3727|NP_418602.1	gnl|RZaadb|3915	NP_418602.1
gnl|ECaadb|3728|NP_418603.1	gnl|RZaadb|3916	NP_418603.1
gnl|ECaadb|372|NP_414950.1	gnl|RZaadb|840	NP_414950.1
gnl|ECaadb|3730|NP_418605.1	gnl|RZaadb|287	NP_418605.1
gnl|ECaadb|3733|NP_418608.6	gnl|RZaadb|2614	NP_418608.6
gnl|ECaadb|3737|NP_418612.1	gnl|RZaadb|524	NP_418612.1
gnl|ECaadb|3748|NP_418623.1	gnl|RZaadb|655	NP_418623.1
gnl|ECaadb|3756|NP_418632.1	gnl|RZaadb|2256	NP_418632.1
gnl|ECaadb|3757|NP_418633.4	gnl|RZaadb|1338	NP_418633.4
gnl|ECaadb|3758|NP_418634.1	gnl|RZaadb|1240	NP_418634.1
gnl|ECaadb|3759|NP_418635.1	gnl|RZaadb|2553	NP_418635.1
gnl|ECaadb|375|NP_414953.2	gnl|RZaadb|4479	NP_414953.2
gnl|ECaadb|3769|NP_418647.1	gnl|RZaadb|1552	NP_418647.1
gnl|ECaadb|376|NP_414954.1	gnl|RZaadb|3066	NP_414954.1
gnl|ECaadb|3770|NP_418648.1	gnl|RZaadb|298	NP_418648.1
gnl|ECaadb|3772|NP_418652.2	gnl|RZaadb|631	NP_418652.2
gnl|ECaadb|3776|NP_418656.1	gnl|RZaadb|1137	NP_418656.1
gnl|ECaadb|3779|NP_418660.1	gnl|RZaadb|2408	NP_418660.1
gnl|ECaadb|377|NP_414955.1	gnl|RZaadb|5680	NP_414955.1
gnl|ECaadb|3783|NP_418664.2	gnl|RZaadb|4680	NP_418664.2
gnl|ECaadb|3785|NP_418666.1	gnl|RZaadb|2615	NP_418666.1
gnl|ECaadb|3787|NP_418669.1	gnl|RZaadb|1100	NP_418669.1
gnl|ECaadb|3788|NP_418670.1	gnl|RZaadb|1694	NP_418670.1
gnl|ECaadb|3794|NP_418679.1	gnl|RZaadb|1734	NP_418679.1
gnl|ECaadb|3799|NP_418684.1	gnl|RZaadb|2924	NP_418684.1
gnl|ECaadb|3802|NP_418687.1	gnl|RZaadb|4935	NP_418687.1
gnl|ECaadb|3803|NP_418688.1	gnl|RZaadb|4937	NP_418688.1
gnl|ECaadb|3812|NP_418704.1	gnl|RZaadb|5264	NP_418704.1
gnl|ECaadb|3814|NP_418708.1	gnl|RZaadb|3992	NP_418708.1
gnl|ECaadb|3821|NP_418715.2	gnl|RZaadb|2029	NP_418715.2
gnl|ECaadb|3847|NP_418742.1	gnl|RZaadb|3905	NP_418742.1
gnl|ECaadb|3856|NP_418751.4	gnl|RZaadb|1974	NP_418751.4
gnl|ECaadb|3857|NP_418752.1	gnl|RZaadb|1427	NP_418752.1
gnl|ECaadb|386|NP_414964.1	gnl|RZaadb|596	NP_414964.1
gnl|ECaadb|3877|NP_418778.4	gnl|RZaadb|3281	NP_418778.4
gnl|ECaadb|387|NP_414965.1	gnl|RZaadb|4501	NP_414965.1
gnl|ECaadb|3891|NP_418792.1	gnl|RZaadb|3371	NP_418792.1
gnl|ECaadb|3896|NP_418798.1	gnl|RZaadb|284	NP_418798.1
gnl|ECaadb|3897|NP_418799.1	gnl|RZaadb|3451	NP_418799.1
gnl|ECaadb|3898|NP_418800.1	gnl|RZaadb|5554	NP_418800.1
gnl|ECaadb|3904|NP_418806.1	gnl|RZaadb|1195	NP_418806.1
gnl|ECaadb|3906|NP_418808.1	gnl|RZaadb|78	NP_418808.1
gnl|ECaadb|3910|NP_418812.1	gnl|RZaadb|1146	NP_418812.1
gnl|ECaadb|3911|NP_418813.1	gnl|RZaadb|5135	NP_418813.1
gnl|ECaadb|393|NP_414971.1	gnl|RZaadb|48	NP_414971.1
gnl|ECaadb|394|NP_414972.1	gnl|RZaadb|609	NP_414972.1
gnl|ECaadb|395|NP_414973.1	gnl|RZaadb|1215	NP_414973.1
gnl|ECaadb|400|NP_414978.1	gnl|RZaadb|5261	NP_414978.1
gnl|ECaadb|403|NP_414981.4	gnl|RZaadb|545	NP_414981.4
gnl|ECaadb|4057|YP_009518822.1	gnl|RZaadb|900	YP_009518822.1
gnl|ECaadb|406|NP_414984.1	gnl|RZaadb|7	NP_414984.1
gnl|ECaadb|407|NP_414985.1	gnl|RZaadb|1566	NP_414985.1
gnl|ECaadb|408|NP_414986.1	gnl|RZaadb|839	NP_414986.1
gnl|ECaadb|4117|YP_025294.2	gnl|RZaadb|2267	YP_025294.2
gnl|ECaadb|4122|YP_025300.1	gnl|RZaadb|535	YP_025300.1
gnl|ECaadb|4132|YP_025310.1	gnl|RZaadb|2816	YP_025310.1
gnl|ECaadb|4135|YP_026162.2	gnl|RZaadb|5156	YP_026162.2
gnl|ECaadb|4139|YP_026169.1	gnl|RZaadb|1597	YP_026169.1
gnl|ECaadb|4141|YP_026171.3	gnl|RZaadb|4459	YP_026171.3
gnl|ECaadb|4142|YP_026172.1	gnl|RZaadb|107	YP_026172.1
gnl|ECaadb|414|NP_414992.1	gnl|RZaadb|3433	NP_414992.1
gnl|ECaadb|4152|YP_026188.1	gnl|RZaadb|5046	YP_026188.1
gnl|ECaadb|4154|YP_026190.1	gnl|RZaadb|5512	YP_026190.1
gnl|ECaadb|4155|YP_026191.1	gnl|RZaadb|3118	YP_026191.1
gnl|ECaadb|4165|YP_026204.1	gnl|RZaadb|1932	YP_026204.1
gnl|ECaadb|4169|YP_026209.1	gnl|RZaadb|5315	YP_026209.1
gnl|ECaadb|4175|YP_026215.2	gnl|RZaadb|4457	YP_026215.2
gnl|ECaadb|417|NP_414995.1	gnl|RZaadb|4998	NP_414995.1
gnl|ECaadb|4182|YP_026222.1	gnl|RZaadb|642	YP_026222.1
gnl|ECaadb|4183|YP_026223.1	gnl|RZaadb|2405	YP_026223.1
gnl|ECaadb|4192|YP_026232.1	gnl|RZaadb|4868	YP_026232.1
gnl|ECaadb|4194|YP_026237.1	gnl|RZaadb|5159	YP_026237.1
gnl|ECaadb|4195|YP_026238.1	gnl|RZaadb|3097	YP_026238.1
gnl|ECaadb|4198|YP_026241.1	gnl|RZaadb|5668	YP_026241.1
gnl|ECaadb|41|NP_414585.1	gnl|RZaadb|728	NP_414585.1
gnl|ECaadb|4201|YP_026244.1	gnl|RZaadb|646	YP_026244.1
gnl|ECaadb|4202|YP_026245.1	gnl|RZaadb|5320	YP_026245.1
gnl|ECaadb|4204|YP_026247.1	gnl|RZaadb|2919	YP_026247.1
gnl|ECaadb|4205|YP_026248.1	gnl|RZaadb|2599	YP_026248.1
gnl|ECaadb|4209|YP_026254.1	gnl|RZaadb|5709	YP_026254.1
gnl|ECaadb|4210|YP_026255.1	gnl|RZaadb|2745	YP_026255.1
gnl|ECaadb|4215|YP_026260.1	gnl|RZaadb|1550	YP_026260.1
gnl|ECaadb|4217|YP_026262.1	gnl|RZaadb|2808	YP_026262.1
gnl|ECaadb|4218|YP_026263.3	gnl|RZaadb|2347	YP_026263.3
gnl|ECaadb|4220|YP_026265.1	gnl|RZaadb|1388	YP_026265.1
gnl|ECaadb|4221|YP_026266.1	gnl|RZaadb|1503	YP_026266.1
gnl|ECaadb|4223|YP_026268.1	gnl|RZaadb|1666	YP_026268.1
gnl|ECaadb|4224|YP_026269.1	gnl|RZaadb|3357	YP_026269.1
gnl|ECaadb|4229|YP_026274.1	gnl|RZaadb|1553	YP_026274.1
gnl|ECaadb|4237|YP_026282.1	gnl|RZaadb|809	YP_026282.1
gnl|ECaadb|4241|YP_026286.1	gnl|RZaadb|5279	YP_026286.1
gnl|ECaadb|4244|YP_026290.1	gnl|RZaadb|3276	YP_026290.1
gnl|ECaadb|4247|YP_588437.1	gnl|RZaadb|53	YP_588437.1
gnl|ECaadb|424|NP_415002.1	gnl|RZaadb|618	NP_415002.1
gnl|ECaadb|4265|YP_588458.1	gnl|RZaadb|4511	YP_588458.1
gnl|ECaadb|427|NP_415005.1	gnl|RZaadb|462	NP_415005.1
gnl|ECaadb|4283|YP_588477.1	gnl|RZaadb|161	YP_588477.1
gnl|ECaadb|428|NP_415006.1	gnl|RZaadb|4092	NP_415006.1
gnl|ECaadb|429|NP_415007.1	gnl|RZaadb|2603	NP_415007.1
gnl|ECaadb|430|NP_415008.1	gnl|RZaadb|5078	NP_415008.1
gnl|ECaadb|433|NP_415011.1	gnl|RZaadb|3208	NP_415011.1
gnl|ECaadb|434|NP_415012.1	gnl|RZaadb|3759	NP_415012.1
gnl|ECaadb|436|NP_415014.1	gnl|RZaadb|3404	NP_415014.1
gnl|ECaadb|442|NP_415020.1	gnl|RZaadb|548	NP_415020.1
gnl|ECaadb|448|NP_415026.1	gnl|RZaadb|4473	NP_415026.1
gnl|ECaadb|449|NP_415027.1	gnl|RZaadb|4378	NP_415027.1
gnl|ECaadb|450|NP_415028.1	gnl|RZaadb|1558	NP_415028.1
gnl|ECaadb|456|NP_415038.1	gnl|RZaadb|1434	NP_415038.1
gnl|ECaadb|459|NP_415041.1	gnl|RZaadb|4058	NP_415041.1
gnl|ECaadb|466|NP_415049.1	gnl|RZaadb|1891	NP_415049.1
gnl|ECaadb|470|NP_415054.1	gnl|RZaadb|3517	NP_415054.1
gnl|ECaadb|471|NP_415055.1	gnl|RZaadb|5062	NP_415055.1
gnl|ECaadb|472|NP_415056.1	gnl|RZaadb|581	NP_415056.1
gnl|ECaadb|474|NP_415058.1	gnl|RZaadb|197	NP_415058.1
gnl|ECaadb|478|NP_415062.1	gnl|RZaadb|5927	NP_415062.1
gnl|ECaadb|488|NP_415075.1	gnl|RZaadb|2504	NP_415075.1
gnl|ECaadb|48|NP_414592.1	gnl|RZaadb|474	NP_414592.1
gnl|ECaadb|490|NP_415077.1	gnl|RZaadb|3399	NP_415077.1
gnl|ECaadb|49|NP_414593.1	gnl|RZaadb|2790	NP_414593.1
gnl|ECaadb|4|NP_414545.1	gnl|RZaadb|3030	NP_414545.1
gnl|ECaadb|50|NP_414594.1	gnl|RZaadb|1197	NP_414594.1
gnl|ECaadb|512|NP_415103.1	gnl|RZaadb|5833	NP_415103.1
gnl|ECaadb|549|NP_415141.1	gnl|RZaadb|3878	NP_415141.1
gnl|ECaadb|551|NP_415144.1	gnl|RZaadb|2308	NP_415144.1
gnl|ECaadb|556|NP_415149.4	gnl|RZaadb|4297	NP_415149.4
gnl|ECaadb|566|NP_415161.1	gnl|RZaadb|1804	NP_415161.1
gnl|ECaadb|574|NP_415169.1	gnl|RZaadb|781	NP_415169.1
gnl|ECaadb|580|NP_415175.1	gnl|RZaadb|4281	NP_415175.1
gnl|ECaadb|589|NP_415184.1	gnl|RZaadb|3350	NP_415184.1
gnl|ECaadb|597|NP_415192.1	gnl|RZaadb|3346	NP_415192.1
gnl|ECaadb|598|NP_415193.2	gnl|RZaadb|606	NP_415193.2
gnl|ECaadb|599|NP_415194.1	gnl|RZaadb|3345	NP_415194.1
gnl|ECaadb|604|NP_415203.1	gnl|RZaadb|4329	NP_415203.1
gnl|ECaadb|610|NP_415209.1	gnl|RZaadb|772	NP_415209.1
gnl|ECaadb|617|NP_415219.1	gnl|RZaadb|3522	NP_415219.1
gnl|ECaadb|618|NP_415220.1	gnl|RZaadb|3521	NP_415220.1
gnl|ECaadb|619|NP_415222.1	gnl|RZaadb|4619	NP_415222.1
gnl|ECaadb|620|NP_415223.1	gnl|RZaadb|6001	NP_415223.1
gnl|ECaadb|621|NP_415224.1	gnl|RZaadb|4620	NP_415224.1
gnl|ECaadb|622|NP_415225.1	gnl|RZaadb|4621	NP_415225.1
gnl|ECaadb|623|NP_415226.1	gnl|RZaadb|4622	NP_415226.1
gnl|ECaadb|630|NP_415236.1	gnl|RZaadb|1711	NP_415236.1
gnl|ECaadb|633|NP_415239.1	gnl|RZaadb|4892	NP_415239.1
gnl|ECaadb|634|NP_415240.1	gnl|RZaadb|4893	NP_415240.1
gnl|ECaadb|635|NP_415241.1	gnl|RZaadb|5051	NP_415241.1
gnl|ECaadb|642|NP_415248.1	gnl|RZaadb|560	NP_415248.1
gnl|ECaadb|643|NP_415249.1	gnl|RZaadb|4400	NP_415249.1
gnl|ECaadb|645|NP_415251.1	gnl|RZaadb|4402	NP_415251.1
gnl|ECaadb|646|NP_415252.1	gnl|RZaadb|580	NP_415252.1
gnl|ECaadb|647|NP_415254.1	gnl|RZaadb|1548	NP_415254.1
gnl|ECaadb|648|NP_415255.1	gnl|RZaadb|4410	NP_415255.1
gnl|ECaadb|649|NP_415256.1	gnl|RZaadb|4406	NP_415256.1
gnl|ECaadb|650|NP_415257.1	gnl|RZaadb|4408	NP_415257.1
gnl|ECaadb|654|NP_415261.2	gnl|RZaadb|3774	NP_415261.2
gnl|ECaadb|655|NP_415262.1	gnl|RZaadb|3773	NP_415262.1
gnl|ECaadb|657|NP_415264.1	gnl|RZaadb|179	NP_415264.1
gnl|ECaadb|658|NP_415265.1	gnl|RZaadb|178	NP_415265.1
gnl|ECaadb|664|NP_415271.1	gnl|RZaadb|4714	NP_415271.1
gnl|ECaadb|668|NP_415275.1	gnl|RZaadb|5341	NP_415275.1
gnl|ECaadb|669|NP_415276.1	gnl|RZaadb|3464	NP_415276.1
gnl|ECaadb|66|NP_414613.1	gnl|RZaadb|5674	NP_414613.1
gnl|ECaadb|670|NP_415277.1	gnl|RZaadb|4331	NP_415277.1
gnl|ECaadb|673|NP_415280.3	gnl|RZaadb|792	NP_415280.3
gnl|ECaadb|677|NP_415284.1	gnl|RZaadb|878	NP_415284.1
gnl|ECaadb|678|NP_415285.1	gnl|RZaadb|1582	NP_415285.1
gnl|ECaadb|679|NP_415286.1	gnl|RZaadb|5943	NP_415286.1
gnl|ECaadb|67|NP_414614.1	gnl|RZaadb|4366	NP_414614.1
gnl|ECaadb|68|NP_414615.4	gnl|RZaadb|919	NP_414615.4
gnl|ECaadb|695|NP_415302.1	gnl|RZaadb|2025	NP_415302.1
gnl|ECaadb|696|NP_415303.1	gnl|RZaadb|3088	NP_415303.1
gnl|ECaadb|697|NP_415304.1	gnl|RZaadb|779	NP_415304.1
gnl|ECaadb|700|NP_415307.1	gnl|RZaadb|466	NP_415307.1
gnl|ECaadb|706|NP_415313.1	gnl|RZaadb|2502	NP_415313.1
gnl|ECaadb|707|NP_415314.1	gnl|RZaadb|2501	NP_415314.1
gnl|ECaadb|708|NP_415315.4	gnl|RZaadb|2500	NP_415315.4
gnl|ECaadb|709|NP_415316.1	gnl|RZaadb|2499	NP_415316.1
gnl|ECaadb|710|NP_415317.4	gnl|RZaadb|2498	NP_415317.4
gnl|ECaadb|727|NP_415334.1	gnl|RZaadb|3425	NP_415334.1
gnl|ECaadb|72|NP_414620.1	gnl|RZaadb|481	NP_414620.1
gnl|ECaadb|739|NP_415347.1	gnl|RZaadb|861	NP_415347.1
gnl|ECaadb|740|NP_415348.1	gnl|RZaadb|1908	NP_415348.1
gnl|ECaadb|742|NP_415350.2	gnl|RZaadb|4662	NP_415350.2
gnl|ECaadb|743|NP_415351.1	gnl|RZaadb|3442	NP_415351.1
gnl|ECaadb|750|NP_415358.1	gnl|RZaadb|2364	NP_415358.1
gnl|ECaadb|75|NP_414624.1	gnl|RZaadb|1385	NP_414624.1
gnl|ECaadb|767|NP_415375.1	gnl|RZaadb|1118	NP_415375.1
gnl|ECaadb|768|NP_415376.4	gnl|RZaadb|3166	NP_415376.4
gnl|ECaadb|769|NP_415377.1	gnl|RZaadb|1119	NP_415377.1
gnl|ECaadb|770|NP_415378.1	gnl|RZaadb|3165	NP_415378.1
gnl|ECaadb|773|NP_415381.1	gnl|RZaadb|5774	NP_415381.1
gnl|ECaadb|780|NP_415388.1	gnl|RZaadb|5377	NP_415388.1
gnl|ECaadb|784|NP_415392.1	gnl|RZaadb|3884	NP_415392.1
gnl|ECaadb|785|NP_415393.1	gnl|RZaadb|4072	NP_415393.1
gnl|ECaadb|78|NP_414627.1	gnl|RZaadb|5857	NP_414627.1
gnl|ECaadb|795|NP_415403.1	gnl|RZaadb|1782	NP_415403.1
gnl|ECaadb|796|NP_415404.1	gnl|RZaadb|13	NP_415404.1
gnl|ECaadb|79|NP_414628.1	gnl|RZaadb|2298	NP_414628.1
gnl|ECaadb|800|NP_415408.1	gnl|RZaadb|2356	NP_415408.1
gnl|ECaadb|801|NP_415409.1	gnl|RZaadb|4068	NP_415409.1
gnl|ECaadb|804|NP_415412.1	gnl|RZaadb|2597	NP_415412.1
gnl|ECaadb|805|NP_415413.1	gnl|RZaadb|1744	NP_415413.1
gnl|ECaadb|80|NP_414629.1	gnl|RZaadb|112	NP_414629.1
gnl|ECaadb|81|NP_414630.1	gnl|RZaadb|1382	NP_414630.1
gnl|ECaadb|820|NP_415428.1	gnl|RZaadb|3081	NP_415428.1
gnl|ECaadb|822|NP_415430.1	gnl|RZaadb|3532	NP_415430.1
gnl|ECaadb|823|NP_415431.1	gnl|RZaadb|1034	NP_415431.1
gnl|ECaadb|824|NP_415432.1	gnl|RZaadb|12	NP_415432.1
gnl|ECaadb|826|NP_415434.1	gnl|RZaadb|275	NP_415434.1
gnl|ECaadb|828|NP_415436.1	gnl|RZaadb|3050	NP_415436.1
gnl|ECaadb|829|NP_415437.1	gnl|RZaadb|950	NP_415437.1
gnl|ECaadb|830|NP_415438.1	gnl|RZaadb|3487	NP_415438.1
gnl|ECaadb|839|NP_415447.1	gnl|RZaadb|1409	NP_415447.1
gnl|ECaadb|83|NP_414632.1	gnl|RZaadb|1381	NP_414632.1
gnl|ECaadb|840|NP_415448.1	gnl|RZaadb|3995	NP_415448.1
gnl|ECaadb|843|NP_415451.1	gnl|RZaadb|278	NP_415451.1
gnl|ECaadb|844|NP_415452.1	gnl|RZaadb|2860	NP_415452.1
gnl|ECaadb|847|NP_415455.1	gnl|RZaadb|5899	NP_415455.1
gnl|ECaadb|84|NP_414633.1	gnl|RZaadb|1380	NP_414633.1
gnl|ECaadb|857|NP_415465.1	gnl|RZaadb|3262	NP_415465.1
gnl|ECaadb|85|NP_414634.1	gnl|RZaadb|2297	NP_414634.1
gnl|ECaadb|866|NP_415474.1	gnl|RZaadb|3501	NP_415474.1
gnl|ECaadb|877|NP_415485.4	gnl|RZaadb|2647	NP_415485.4
gnl|ECaadb|880|NP_415488.1	gnl|RZaadb|2012	NP_415488.1
gnl|ECaadb|89|NP_414638.1	gnl|RZaadb|108	NP_414638.1
gnl|ECaadb|8|NP_414549.1	gnl|RZaadb|103	NP_414549.1
gnl|ECaadb|911|NP_415520.1	gnl|RZaadb|1614	NP_415520.1
gnl|ECaadb|918|NP_415527.4	gnl|RZaadb|5337	NP_415527.4
gnl|ECaadb|91|NP_414640.1	gnl|RZaadb|4482	NP_414640.1
gnl|ECaadb|923|NP_415532.3	gnl|RZaadb|5207	NP_415532.3
gnl|ECaadb|924|NP_415533.1	gnl|RZaadb|5412	NP_415533.1
gnl|ECaadb|925|NP_415534.1	gnl|RZaadb|4066	NP_415534.1
gnl|ECaadb|938|NP_415551.2	gnl|RZaadb|4048	NP_415551.2
gnl|ECaadb|957|NP_415571.1	gnl|RZaadb|2913	NP_415571.1
gnl|ECaadb|95|NP_414645.1	gnl|RZaadb|1012	NP_414645.1
gnl|ECaadb|966|NP_415580.1	gnl|RZaadb|3295	NP_415580.1
gnl|ECaadb|970|NP_415584.1	gnl|RZaadb|257	NP_415584.1
gnl|ECaadb|973|NP_415587.1	gnl|RZaadb|3343	NP_415587.1
gnl|ECaadb|978|NP_415592.1	gnl|RZaadb|1110	NP_415592.1
gnl|ECaadb|980|NP_415594.1	gnl|RZaadb|3187	NP_415594.1
gnl|ECaadb|982|NP_415596.1	gnl|RZaadb|883	NP_415596.1
gnl|ECaadb|984|NP_415598.3	gnl|RZaadb|1113	NP_415598.3
gnl|ECaadb|990|NP_415604.1	gnl|RZaadb|1298	NP_415604.1
gnl|ECaadb|993|NP_415607.1	gnl|RZaadb|9	NP_415607.1
gnl|ECaadb|994|NP_415608.2	gnl|RZaadb|5442	NP_415608.2
gnl|ECaadb|995|NP_415609.1	gnl|RZaadb|5441	NP_415609.1
gnl|ECaadb|996|NP_415610.1	gnl|RZaadb|2792	NP_415610.1
gnl|ECaadb|997|NP_415611.1	gnl|RZaadb|957	NP_415611.1
gnl|ECaadb|998|NP_415612.1	gnl|RZaadb|15	NP_415612.1
gnl|ECaadb|999|NP_415613.1	gnl|RZaadb|657	NP_415613.1
