gnl|RZaadb|1006|WP_011428143.1	WP_011428143.1	gnl|RZaadb|1006
gnl|RZaadb|1012|WP_012482085.1	WP_012482085.1	gnl|RZaadb|1012
gnl|RZaadb|1013|WP_012482086.1	WP_012482086.1	gnl|RZaadb|1013
gnl|RZaadb|1014|WP_012482087.1	WP_012482087.1	gnl|RZaadb|1014
gnl|RZaadb|1016|WP_012482102.1	WP_012482102.1	gnl|RZaadb|1016
gnl|RZaadb|1017|WP_012482113.1	WP_012482113.1	gnl|RZaadb|1017
gnl|RZaadb|1018|WP_012482115.1	WP_012482115.1	gnl|RZaadb|1018
gnl|RZaadb|1019|WP_012482116.1	WP_012482116.1	gnl|RZaadb|1019
gnl|RZaadb|101|WP_004668744.1	WP_004668744.1	gnl|RZaadb|101
gnl|RZaadb|1020|WP_012482117.1	WP_012482117.1	gnl|RZaadb|1020
gnl|RZaadb|1022|WP_012482120.1	WP_012482120.1	gnl|RZaadb|1022
gnl|RZaadb|1023|WP_012482121.1	WP_012482121.1	gnl|RZaadb|1023
gnl|RZaadb|1024|WP_012482122.1	WP_012482122.1	gnl|RZaadb|1024
gnl|RZaadb|1025|WP_012482123.1	WP_012482123.1	gnl|RZaadb|1025
gnl|RZaadb|1030|WP_012482129.1	WP_012482129.1	gnl|RZaadb|1030
gnl|RZaadb|1033|WP_012482152.1	WP_012482152.1	gnl|RZaadb|1033
gnl|RZaadb|1034|WP_012482163.1	WP_012482163.1	gnl|RZaadb|1034
gnl|RZaadb|1037|WP_012482204.1	WP_012482204.1	gnl|RZaadb|1037
gnl|RZaadb|1039|WP_012482242.1	WP_012482242.1	gnl|RZaadb|1039
gnl|RZaadb|103|WP_004668751.1	WP_004668751.1	gnl|RZaadb|103
gnl|RZaadb|1047|WP_012482289.1	WP_012482289.1	gnl|RZaadb|1047
gnl|RZaadb|1054|WP_012482366.1	WP_012482366.1	gnl|RZaadb|1054
gnl|RZaadb|1055|WP_012482367.1	WP_012482367.1	gnl|RZaadb|1055
gnl|RZaadb|1059|WP_012482401.1	WP_012482401.1	gnl|RZaadb|1059
gnl|RZaadb|1060|WP_012482404.1	WP_012482404.1	gnl|RZaadb|1060
gnl|RZaadb|1061|WP_012482410.1	WP_012482410.1	gnl|RZaadb|1061
gnl|RZaadb|1063|WP_012482416.1	WP_012482416.1	gnl|RZaadb|1063
gnl|RZaadb|1065|WP_012482436.1	WP_012482436.1	gnl|RZaadb|1065
gnl|RZaadb|106|WP_004668787.1	WP_004668787.1	gnl|RZaadb|106
gnl|RZaadb|1075|WP_012482530.1	WP_012482530.1	gnl|RZaadb|1075
gnl|RZaadb|1076|WP_012482531.1	WP_012482531.1	gnl|RZaadb|1076
gnl|RZaadb|1077|WP_012482532.1	WP_012482532.1	gnl|RZaadb|1077
gnl|RZaadb|1079|WP_012482560.1	WP_012482560.1	gnl|RZaadb|1079
gnl|RZaadb|107|WP_004668797.1	WP_004668797.1	gnl|RZaadb|107
gnl|RZaadb|1081|WP_012482562.1	WP_012482562.1	gnl|RZaadb|1081
gnl|RZaadb|108|WP_004668803.1	WP_004668803.1	gnl|RZaadb|108
gnl|RZaadb|1096|WP_012482617.1	WP_012482617.1	gnl|RZaadb|1096
gnl|RZaadb|1100|WP_012482632.1	WP_012482632.1	gnl|RZaadb|1100
gnl|RZaadb|1101|WP_012482641.1	WP_012482641.1	gnl|RZaadb|1101
gnl|RZaadb|1104|WP_012482666.1	WP_012482666.1	gnl|RZaadb|1104
gnl|RZaadb|1107|WP_012482673.1	WP_012482673.1	gnl|RZaadb|1107
gnl|RZaadb|1108|WP_012482675.1	WP_012482675.1	gnl|RZaadb|1108
gnl|RZaadb|1110|WP_012482680.1	WP_012482680.1	gnl|RZaadb|1110
gnl|RZaadb|1113|WP_012482683.1	WP_012482683.1	gnl|RZaadb|1113
gnl|RZaadb|1118|WP_012482723.1	WP_012482723.1	gnl|RZaadb|1118
gnl|RZaadb|1119|WP_012482725.1	WP_012482725.1	gnl|RZaadb|1119
gnl|RZaadb|1123|WP_012482735.1	WP_012482735.1	gnl|RZaadb|1123
gnl|RZaadb|1124|WP_012482788.1	WP_012482788.1	gnl|RZaadb|1124
gnl|RZaadb|1125|WP_012482790.1	WP_012482790.1	gnl|RZaadb|1125
gnl|RZaadb|1126|WP_012482792.1	WP_012482792.1	gnl|RZaadb|1126
gnl|RZaadb|1129|WP_012482798.1	WP_012482798.1	gnl|RZaadb|1129
gnl|RZaadb|112|WP_004668823.1	WP_004668823.1	gnl|RZaadb|112
gnl|RZaadb|1130|WP_012482812.1	WP_012482812.1	gnl|RZaadb|1130
gnl|RZaadb|1137|WP_012482838.1	WP_012482838.1	gnl|RZaadb|1137
gnl|RZaadb|1139|WP_012482840.1	WP_012482840.1	gnl|RZaadb|1139
gnl|RZaadb|1142|WP_012482854.1	WP_012482854.1	gnl|RZaadb|1142
gnl|RZaadb|1146|WP_012482876.1	WP_012482876.1	gnl|RZaadb|1146
gnl|RZaadb|114|WP_004668891.1	WP_004668891.1	gnl|RZaadb|114
gnl|RZaadb|1151|WP_012482924.1	WP_012482924.1	gnl|RZaadb|1151
gnl|RZaadb|1156|WP_012482959.1	WP_012482959.1	gnl|RZaadb|1156
gnl|RZaadb|1164|WP_012483077.1	WP_012483077.1	gnl|RZaadb|1164
gnl|RZaadb|1168|WP_012483117.1	WP_012483117.1	gnl|RZaadb|1168
gnl|RZaadb|1173|WP_012483158.1	WP_012483158.1	gnl|RZaadb|1173
gnl|RZaadb|1178|WP_012483203.1	WP_012483203.1	gnl|RZaadb|1178
gnl|RZaadb|117|WP_004669067.1	WP_004669067.1	gnl|RZaadb|117
gnl|RZaadb|1185|WP_012483227.1	WP_012483227.1	gnl|RZaadb|1185
gnl|RZaadb|1187|WP_012483239.1	WP_012483239.1	gnl|RZaadb|1187
gnl|RZaadb|118|WP_004669070.1	WP_004669070.1	gnl|RZaadb|118
gnl|RZaadb|1190|WP_012483259.1	WP_012483259.1	gnl|RZaadb|1190
gnl|RZaadb|1192|WP_012483261.1	WP_012483261.1	gnl|RZaadb|1192
gnl|RZaadb|1194|WP_012483271.1	WP_012483271.1	gnl|RZaadb|1194
gnl|RZaadb|1195|WP_012483297.1	WP_012483297.1	gnl|RZaadb|1195
gnl|RZaadb|1196|WP_012483300.1	WP_012483300.1	gnl|RZaadb|1196
gnl|RZaadb|1197|WP_012483306.1	WP_012483306.1	gnl|RZaadb|1197
gnl|RZaadb|119|WP_004669072.1	WP_004669072.1	gnl|RZaadb|119
gnl|RZaadb|1201|WP_012483336.1	WP_012483336.1	gnl|RZaadb|1201
gnl|RZaadb|1203|WP_012483348.1	WP_012483348.1	gnl|RZaadb|1203
gnl|RZaadb|1204|WP_012483354.1	WP_012483354.1	gnl|RZaadb|1204
gnl|RZaadb|1205|WP_012483356.1	WP_012483356.1	gnl|RZaadb|1205
gnl|RZaadb|1206|WP_012483360.1	WP_012483360.1	gnl|RZaadb|1206
gnl|RZaadb|120|WP_004669074.1	WP_004669074.1	gnl|RZaadb|120
gnl|RZaadb|1215|WP_012483419.1	WP_012483419.1	gnl|RZaadb|1215
gnl|RZaadb|121|WP_004669077.1	WP_004669077.1	gnl|RZaadb|121
gnl|RZaadb|1224|WP_012483469.1	WP_012483469.1	gnl|RZaadb|1224
gnl|RZaadb|122|WP_004669085.1	WP_004669085.1	gnl|RZaadb|122
gnl|RZaadb|1230|WP_012483518.1	WP_012483518.1	gnl|RZaadb|1230
gnl|RZaadb|1238|WP_012483553.1	WP_012483553.1	gnl|RZaadb|1238
gnl|RZaadb|1239|WP_012483554.1	WP_012483554.1	gnl|RZaadb|1239
gnl|RZaadb|123|WP_004669088.1	WP_004669088.1	gnl|RZaadb|123
gnl|RZaadb|1240|WP_012483555.1	WP_012483555.1	gnl|RZaadb|1240
gnl|RZaadb|1245|WP_012483572.1	WP_012483572.1	gnl|RZaadb|1245
gnl|RZaadb|1247|WP_012483577.1	WP_012483577.1	gnl|RZaadb|1247
gnl|RZaadb|1250|WP_012483584.1	WP_012483584.1	gnl|RZaadb|1250
gnl|RZaadb|1252|WP_012483593.1	WP_012483593.1	gnl|RZaadb|1252
gnl|RZaadb|1255|WP_012483618.1	WP_012483618.1	gnl|RZaadb|1255
gnl|RZaadb|1259|WP_012483623.1	WP_012483623.1	gnl|RZaadb|1259
gnl|RZaadb|1263|WP_012483634.1	WP_012483634.1	gnl|RZaadb|1263
gnl|RZaadb|1266|WP_012483655.1	WP_012483655.1	gnl|RZaadb|1266
gnl|RZaadb|1267|WP_012483661.1	WP_012483661.1	gnl|RZaadb|1267
gnl|RZaadb|1272|WP_012483692.1	WP_012483692.1	gnl|RZaadb|1272
gnl|RZaadb|1273|WP_012483694.1	WP_012483694.1	gnl|RZaadb|1273
gnl|RZaadb|1274|WP_012483696.1	WP_012483696.1	gnl|RZaadb|1274
gnl|RZaadb|1282|WP_012483715.1	WP_012483715.1	gnl|RZaadb|1282
gnl|RZaadb|1298|WP_012483948.1	WP_012483948.1	gnl|RZaadb|1298
gnl|RZaadb|12|WP_003544934.1	WP_003544934.1	gnl|RZaadb|12
gnl|RZaadb|1301|WP_012483959.1	WP_012483959.1	gnl|RZaadb|1301
gnl|RZaadb|1303|WP_012483990.1	WP_012483990.1	gnl|RZaadb|1303
gnl|RZaadb|1306|WP_012483993.1	WP_012483993.1	gnl|RZaadb|1306
gnl|RZaadb|1308|WP_012483995.1	WP_012483995.1	gnl|RZaadb|1308
gnl|RZaadb|1309|WP_012484014.1	WP_012484014.1	gnl|RZaadb|1309
gnl|RZaadb|1310|WP_012484022.1	WP_012484022.1	gnl|RZaadb|1310
gnl|RZaadb|1311|WP_012484025.1	WP_012484025.1	gnl|RZaadb|1311
gnl|RZaadb|1312|WP_012484027.1	WP_012484027.1	gnl|RZaadb|1312
gnl|RZaadb|1316|WP_012484080.1	WP_012484080.1	gnl|RZaadb|1316
gnl|RZaadb|1331|WP_012484216.1	WP_012484216.1	gnl|RZaadb|1331
gnl|RZaadb|1338|WP_012484248.1	WP_012484248.1	gnl|RZaadb|1338
gnl|RZaadb|133|WP_004669530.1	WP_004669530.1	gnl|RZaadb|133
gnl|RZaadb|1346|WP_012484292.1	WP_012484292.1	gnl|RZaadb|1346
gnl|RZaadb|134|WP_004669533.1	WP_004669533.1	gnl|RZaadb|134
gnl|RZaadb|1357|WP_012484378.1	WP_012484378.1	gnl|RZaadb|1357
gnl|RZaadb|1364|WP_012484416.1	WP_012484416.1	gnl|RZaadb|1364
gnl|RZaadb|1371|WP_012484449.1	WP_012484449.1	gnl|RZaadb|1371
gnl|RZaadb|1380|WP_012484498.1	WP_012484498.1	gnl|RZaadb|1380
gnl|RZaadb|1381|WP_012484499.1	WP_012484499.1	gnl|RZaadb|1381
gnl|RZaadb|1382|WP_012484500.1	WP_012484500.1	gnl|RZaadb|1382
gnl|RZaadb|1385|WP_012484505.1	WP_012484505.1	gnl|RZaadb|1385
gnl|RZaadb|1388|WP_012484514.1	WP_012484514.1	gnl|RZaadb|1388
gnl|RZaadb|13|WP_003545338.1	WP_003545338.1	gnl|RZaadb|13
gnl|RZaadb|1401|WP_012484607.1	WP_012484607.1	gnl|RZaadb|1401
gnl|RZaadb|1404|WP_012484611.1	WP_012484611.1	gnl|RZaadb|1404
gnl|RZaadb|1405|WP_012484613.1	WP_012484613.1	gnl|RZaadb|1405
gnl|RZaadb|1407|WP_012484619.1	WP_012484619.1	gnl|RZaadb|1407
gnl|RZaadb|1409|WP_012484643.1	WP_012484643.1	gnl|RZaadb|1409
gnl|RZaadb|1410|WP_012484653.1	WP_012484653.1	gnl|RZaadb|1410
gnl|RZaadb|1415|WP_012484670.1	WP_012484670.1	gnl|RZaadb|1415
gnl|RZaadb|1425|WP_012484719.1	WP_012484719.1	gnl|RZaadb|1425
gnl|RZaadb|1426|WP_012484721.1	WP_012484721.1	gnl|RZaadb|1426
gnl|RZaadb|1427|WP_012484722.1	WP_012484722.1	gnl|RZaadb|1427
gnl|RZaadb|1428|WP_012484723.1	WP_012484723.1	gnl|RZaadb|1428
gnl|RZaadb|1433|WP_012484804.1	WP_012484804.1	gnl|RZaadb|1433
gnl|RZaadb|1434|WP_012484805.1	WP_012484805.1	gnl|RZaadb|1434
gnl|RZaadb|143|WP_004669780.1	WP_004669780.1	gnl|RZaadb|143
gnl|RZaadb|1440|WP_012484828.1	WP_012484828.1	gnl|RZaadb|1440
gnl|RZaadb|1461|WP_012484986.1	WP_012484986.1	gnl|RZaadb|1461
gnl|RZaadb|1463|WP_012484996.1	WP_012484996.1	gnl|RZaadb|1463
gnl|RZaadb|1464|WP_012484998.1	WP_012484998.1	gnl|RZaadb|1464
gnl|RZaadb|1470|WP_012485037.1	WP_012485037.1	gnl|RZaadb|1470
gnl|RZaadb|1471|WP_012485038.1	WP_012485038.1	gnl|RZaadb|1471
gnl|RZaadb|1473|WP_012485040.1	WP_012485040.1	gnl|RZaadb|1473
gnl|RZaadb|1474|WP_012485052.1	WP_012485052.1	gnl|RZaadb|1474
gnl|RZaadb|1477|WP_012485090.1	WP_012485090.1	gnl|RZaadb|1477
gnl|RZaadb|1478|WP_012485091.1	WP_012485091.1	gnl|RZaadb|1478
gnl|RZaadb|1479|WP_012485094.1	WP_012485094.1	gnl|RZaadb|1479
gnl|RZaadb|1481|WP_012485106.1	WP_012485106.1	gnl|RZaadb|1481
gnl|RZaadb|1482|WP_012485107.1	WP_012485107.1	gnl|RZaadb|1482
gnl|RZaadb|1484|WP_012485110.1	WP_012485110.1	gnl|RZaadb|1484
gnl|RZaadb|1488|WP_012485127.1	WP_012485127.1	gnl|RZaadb|1488
gnl|RZaadb|1495|WP_012485142.1	WP_012485142.1	gnl|RZaadb|1495
gnl|RZaadb|1497|WP_012485148.1	WP_012485148.1	gnl|RZaadb|1497
gnl|RZaadb|14|WP_003545921.1	WP_003545921.1	gnl|RZaadb|14
gnl|RZaadb|1500|WP_012485171.1	WP_012485171.1	gnl|RZaadb|1500
gnl|RZaadb|1503|WP_012485198.1	WP_012485198.1	gnl|RZaadb|1503
gnl|RZaadb|1511|WP_012485276.1	WP_012485276.1	gnl|RZaadb|1511
gnl|RZaadb|1513|WP_012485281.1	WP_012485281.1	gnl|RZaadb|1513
gnl|RZaadb|1514|WP_012485283.1	WP_012485283.1	gnl|RZaadb|1514
gnl|RZaadb|1515|WP_012485284.1	WP_012485284.1	gnl|RZaadb|1515
gnl|RZaadb|1516|WP_012485285.1	WP_012485285.1	gnl|RZaadb|1516
gnl|RZaadb|1519|WP_012485341.1	WP_012485341.1	gnl|RZaadb|1519
gnl|RZaadb|1520|WP_012485342.1	WP_012485342.1	gnl|RZaadb|1520
gnl|RZaadb|1523|WP_012485360.1	WP_012485360.1	gnl|RZaadb|1523
gnl|RZaadb|1527|WP_012485366.1	WP_012485366.1	gnl|RZaadb|1527
gnl|RZaadb|1532|WP_012485391.1	WP_012485391.1	gnl|RZaadb|1532
gnl|RZaadb|1533|WP_012485393.1	WP_012485393.1	gnl|RZaadb|1533
gnl|RZaadb|1537|WP_012485450.1	WP_012485450.1	gnl|RZaadb|1537
gnl|RZaadb|1540|WP_012485457.1	WP_012485457.1	gnl|RZaadb|1540
gnl|RZaadb|1544|WP_012485464.1	WP_012485464.1	gnl|RZaadb|1544
gnl|RZaadb|1545|WP_012485469.1	WP_012485469.1	gnl|RZaadb|1545
gnl|RZaadb|1548|WP_012485483.1	WP_012485483.1	gnl|RZaadb|1548
gnl|RZaadb|1550|WP_012485497.1	WP_012485497.1	gnl|RZaadb|1550
gnl|RZaadb|1552|WP_012485505.1	WP_012485505.1	gnl|RZaadb|1552
gnl|RZaadb|1553|WP_012485506.1	WP_012485506.1	gnl|RZaadb|1553
gnl|RZaadb|1555|WP_012485518.1	WP_012485518.1	gnl|RZaadb|1555
gnl|RZaadb|1558|WP_012485524.1	WP_012485524.1	gnl|RZaadb|1558
gnl|RZaadb|1559|WP_012485530.1	WP_012485530.1	gnl|RZaadb|1559
gnl|RZaadb|1561|WP_012485541.1	WP_012485541.1	gnl|RZaadb|1561
gnl|RZaadb|1562|WP_012485544.1	WP_012485544.1	gnl|RZaadb|1562
gnl|RZaadb|1566|WP_012485555.1	WP_012485555.1	gnl|RZaadb|1566
gnl|RZaadb|1569|WP_012485567.1	WP_012485567.1	gnl|RZaadb|1569
gnl|RZaadb|1574|WP_012485594.1	WP_012485594.1	gnl|RZaadb|1574
gnl|RZaadb|1582|WP_012485640.1	WP_012485640.1	gnl|RZaadb|1582
gnl|RZaadb|1597|WP_012489549.1	WP_012489549.1	gnl|RZaadb|1597
gnl|RZaadb|1599|WP_012489551.1	WP_012489551.1	gnl|RZaadb|1599
gnl|RZaadb|159|WP_004671248.1	WP_004671248.1	gnl|RZaadb|159
gnl|RZaadb|15|WP_003547058.1	WP_003547058.1	gnl|RZaadb|15
gnl|RZaadb|1611|WP_012489766.1	WP_012489766.1	gnl|RZaadb|1611
gnl|RZaadb|1614|WP_012489779.1	WP_012489779.1	gnl|RZaadb|1614
gnl|RZaadb|1615|WP_012489815.1	WP_012489815.1	gnl|RZaadb|1615
gnl|RZaadb|161|WP_004671262.1	WP_004671262.1	gnl|RZaadb|161
gnl|RZaadb|1625|WP_012490071.1	WP_012490071.1	gnl|RZaadb|1625
gnl|RZaadb|1627|WP_012490081.1	WP_012490081.1	gnl|RZaadb|1627
gnl|RZaadb|1638|WP_012490410.1	WP_012490410.1	gnl|RZaadb|1638
gnl|RZaadb|164|WP_004671390.1	WP_004671390.1	gnl|RZaadb|164
gnl|RZaadb|1651|WP_012490580.1	WP_012490580.1	gnl|RZaadb|1651
gnl|RZaadb|1652|WP_012490583.1	WP_012490583.1	gnl|RZaadb|1652
gnl|RZaadb|1655|WP_012490604.1	WP_012490604.1	gnl|RZaadb|1655
gnl|RZaadb|1656|WP_012490607.1	WP_012490607.1	gnl|RZaadb|1656
gnl|RZaadb|1659|WP_012490628.1	WP_012490628.1	gnl|RZaadb|1659
gnl|RZaadb|165|WP_004671394.1	WP_004671394.1	gnl|RZaadb|165
gnl|RZaadb|1666|WP_012490663.1	WP_012490663.1	gnl|RZaadb|1666
gnl|RZaadb|1673|WP_012490730.1	WP_012490730.1	gnl|RZaadb|1673
gnl|RZaadb|1694|WP_016732823.1	WP_016732823.1	gnl|RZaadb|1694
gnl|RZaadb|1696|WP_016732825.1	WP_016732825.1	gnl|RZaadb|1696
gnl|RZaadb|1699|WP_016732831.1	WP_016732831.1	gnl|RZaadb|1699
gnl|RZaadb|16|WP_003547190.1	WP_003547190.1	gnl|RZaadb|16
gnl|RZaadb|1707|WP_016732841.1	WP_016732841.1	gnl|RZaadb|1707
gnl|RZaadb|1710|WP_016732845.1	WP_016732845.1	gnl|RZaadb|1710
gnl|RZaadb|1711|WP_016732846.1	WP_016732846.1	gnl|RZaadb|1711
gnl|RZaadb|1734|WP_016732883.1	WP_016732883.1	gnl|RZaadb|1734
gnl|RZaadb|173|WP_004671535.1	WP_004671535.1	gnl|RZaadb|173
gnl|RZaadb|1743|WP_016732894.1	WP_016732894.1	gnl|RZaadb|1743
gnl|RZaadb|1744|WP_016732895.1	WP_016732895.1	gnl|RZaadb|1744
gnl|RZaadb|1745|WP_016732896.1	WP_016732896.1	gnl|RZaadb|1745
gnl|RZaadb|1746|WP_016732897.1	WP_016732897.1	gnl|RZaadb|1746
gnl|RZaadb|1755|WP_016732906.1	WP_016732906.1	gnl|RZaadb|1755
gnl|RZaadb|175|WP_004671573.1	WP_004671573.1	gnl|RZaadb|175
gnl|RZaadb|1761|WP_016732912.1	WP_016732912.1	gnl|RZaadb|1761
gnl|RZaadb|1764|WP_016732916.1	WP_016732916.1	gnl|RZaadb|1764
gnl|RZaadb|176|WP_004671586.1	WP_004671586.1	gnl|RZaadb|176
gnl|RZaadb|1771|WP_016732925.1	WP_016732925.1	gnl|RZaadb|1771
gnl|RZaadb|1779|WP_016732937.1	WP_016732937.1	gnl|RZaadb|1779
gnl|RZaadb|1780|WP_016732938.1	WP_016732938.1	gnl|RZaadb|1780
gnl|RZaadb|1782|WP_016732941.1	WP_016732941.1	gnl|RZaadb|1782
gnl|RZaadb|1783|WP_016732942.1	WP_016732942.1	gnl|RZaadb|1783
gnl|RZaadb|1788|WP_016732948.1	WP_016732948.1	gnl|RZaadb|1788
gnl|RZaadb|1789|WP_016732949.1	WP_016732949.1	gnl|RZaadb|1789
gnl|RZaadb|178|WP_004671617.1	WP_004671617.1	gnl|RZaadb|178
gnl|RZaadb|1790|WP_016732950.1	WP_016732950.1	gnl|RZaadb|1790
gnl|RZaadb|1792|WP_016732952.1	WP_016732952.1	gnl|RZaadb|1792
gnl|RZaadb|1793|WP_016732953.1	WP_016732953.1	gnl|RZaadb|1793
gnl|RZaadb|1795|WP_016732955.1	WP_016732955.1	gnl|RZaadb|1795
gnl|RZaadb|1798|WP_016732959.1	WP_016732959.1	gnl|RZaadb|1798
gnl|RZaadb|179|WP_004671619.1	WP_004671619.1	gnl|RZaadb|179
gnl|RZaadb|17|WP_003547346.1	WP_003547346.1	gnl|RZaadb|17
gnl|RZaadb|1804|WP_016732965.1	WP_016732965.1	gnl|RZaadb|1804
gnl|RZaadb|1806|WP_016732967.1	WP_016732967.1	gnl|RZaadb|1806
gnl|RZaadb|1807|WP_016732968.1	WP_016732968.1	gnl|RZaadb|1807
gnl|RZaadb|1808|WP_016732969.1	WP_016732969.1	gnl|RZaadb|1808
gnl|RZaadb|1832|WP_016733010.1	WP_016733010.1	gnl|RZaadb|1832
gnl|RZaadb|1839|WP_016733019.1	WP_016733019.1	gnl|RZaadb|1839
gnl|RZaadb|1843|WP_016733023.1	WP_016733023.1	gnl|RZaadb|1843
gnl|RZaadb|1846|WP_016733027.1	WP_016733027.1	gnl|RZaadb|1846
gnl|RZaadb|1847|WP_016733029.1	WP_016733029.1	gnl|RZaadb|1847
gnl|RZaadb|1848|WP_016733030.1	WP_016733030.1	gnl|RZaadb|1848
gnl|RZaadb|1850|WP_016733032.1	WP_016733032.1	gnl|RZaadb|1850
gnl|RZaadb|1851|WP_016733034.1	WP_016733034.1	gnl|RZaadb|1851
gnl|RZaadb|1854|WP_016733040.1	WP_016733040.1	gnl|RZaadb|1854
gnl|RZaadb|1855|WP_016733041.1	WP_016733041.1	gnl|RZaadb|1855
gnl|RZaadb|1857|WP_016733044.1	WP_016733044.1	gnl|RZaadb|1857
gnl|RZaadb|1858|WP_016733045.1	WP_016733045.1	gnl|RZaadb|1858
gnl|RZaadb|1862|WP_016733051.1	WP_016733051.1	gnl|RZaadb|1862
gnl|RZaadb|1877|WP_016733068.1	WP_016733068.1	gnl|RZaadb|1877
gnl|RZaadb|1889|WP_016733083.1	WP_016733083.1	gnl|RZaadb|1889
gnl|RZaadb|188|WP_004671783.1	WP_004671783.1	gnl|RZaadb|188
gnl|RZaadb|1891|WP_016733085.1	WP_016733085.1	gnl|RZaadb|1891
gnl|RZaadb|1895|WP_016733089.1	WP_016733089.1	gnl|RZaadb|1895
gnl|RZaadb|1899|WP_016733095.1	WP_016733095.1	gnl|RZaadb|1899
gnl|RZaadb|1907|WP_016733105.1	WP_016733105.1	gnl|RZaadb|1907
gnl|RZaadb|1908|WP_016733106.1	WP_016733106.1	gnl|RZaadb|1908
gnl|RZaadb|1915|WP_016733113.1	WP_016733113.1	gnl|RZaadb|1915
gnl|RZaadb|1917|WP_016733115.1	WP_016733115.1	gnl|RZaadb|1917
gnl|RZaadb|191|WP_004671809.1	WP_004671809.1	gnl|RZaadb|191
gnl|RZaadb|1920|WP_016733120.1	WP_016733120.1	gnl|RZaadb|1920
gnl|RZaadb|1923|WP_016733124.1	WP_016733124.1	gnl|RZaadb|1923
gnl|RZaadb|1924|WP_016733126.1	WP_016733126.1	gnl|RZaadb|1924
gnl|RZaadb|1925|WP_016733127.1	WP_016733127.1	gnl|RZaadb|1925
gnl|RZaadb|192|WP_004671846.1	WP_004671846.1	gnl|RZaadb|192
gnl|RZaadb|1932|WP_016733137.1	WP_016733137.1	gnl|RZaadb|1932
gnl|RZaadb|1938|WP_016733144.1	WP_016733144.1	gnl|RZaadb|1938
gnl|RZaadb|1942|WP_016733148.1	WP_016733148.1	gnl|RZaadb|1942
gnl|RZaadb|1948|WP_016733155.1	WP_016733155.1	gnl|RZaadb|1948
gnl|RZaadb|1949|WP_016733156.1	WP_016733156.1	gnl|RZaadb|1949
gnl|RZaadb|194|WP_004671872.1	WP_004671872.1	gnl|RZaadb|194
gnl|RZaadb|1950|WP_016733157.1	WP_016733157.1	gnl|RZaadb|1950
gnl|RZaadb|1953|WP_016733160.1	WP_016733160.1	gnl|RZaadb|1953
gnl|RZaadb|1955|WP_016733162.1	WP_016733162.1	gnl|RZaadb|1955
gnl|RZaadb|195|WP_004671901.1	WP_004671901.1	gnl|RZaadb|195
gnl|RZaadb|1960|WP_016733167.1	WP_016733167.1	gnl|RZaadb|1960
gnl|RZaadb|1967|WP_016733175.1	WP_016733175.1	gnl|RZaadb|1967
gnl|RZaadb|196|WP_004671912.1	WP_004671912.1	gnl|RZaadb|196
gnl|RZaadb|1974|WP_016733183.1	WP_016733183.1	gnl|RZaadb|1974
gnl|RZaadb|197|WP_004671916.1	WP_004671916.1	gnl|RZaadb|197
gnl|RZaadb|1980|WP_016733193.1	WP_016733193.1	gnl|RZaadb|1980
gnl|RZaadb|1985|WP_016733199.1	WP_016733199.1	gnl|RZaadb|1985
gnl|RZaadb|1987|WP_016733203.1	WP_016733203.1	gnl|RZaadb|1987
gnl|RZaadb|19|WP_003547537.1	WP_003547537.1	gnl|RZaadb|19
gnl|RZaadb|1|WP_003539403.1	WP_003539403.1	gnl|RZaadb|1
gnl|RZaadb|2001|WP_016733222.1	WP_016733222.1	gnl|RZaadb|2001
gnl|RZaadb|2011|WP_016733235.1	WP_016733235.1	gnl|RZaadb|2011
gnl|RZaadb|2012|WP_016733237.1	WP_016733237.1	gnl|RZaadb|2012
gnl|RZaadb|2013|WP_016733238.1	WP_016733238.1	gnl|RZaadb|2013
gnl|RZaadb|2016|WP_016733242.1	WP_016733242.1	gnl|RZaadb|2016
gnl|RZaadb|2018|WP_016733244.1	WP_016733244.1	gnl|RZaadb|2018
gnl|RZaadb|2025|WP_016733252.1	WP_016733252.1	gnl|RZaadb|2025
gnl|RZaadb|2029|WP_016733256.1	WP_016733256.1	gnl|RZaadb|2029
gnl|RZaadb|2037|WP_016733267.1	WP_016733267.1	gnl|RZaadb|2037
gnl|RZaadb|2058|WP_016733289.1	WP_016733289.1	gnl|RZaadb|2058
gnl|RZaadb|205|WP_004672297.1	WP_004672297.1	gnl|RZaadb|205
gnl|RZaadb|2065|WP_016733297.1	WP_016733297.1	gnl|RZaadb|2065
gnl|RZaadb|2074|WP_016733306.1	WP_016733306.1	gnl|RZaadb|2074
gnl|RZaadb|2076|WP_016733311.1	WP_016733311.1	gnl|RZaadb|2076
gnl|RZaadb|2087|WP_016733323.1	WP_016733323.1	gnl|RZaadb|2087
gnl|RZaadb|2089|WP_016733325.1	WP_016733325.1	gnl|RZaadb|2089
gnl|RZaadb|2090|WP_016733326.1	WP_016733326.1	gnl|RZaadb|2090
gnl|RZaadb|2092|WP_016733330.1	WP_016733330.1	gnl|RZaadb|2092
gnl|RZaadb|2096|WP_016733336.1	WP_016733336.1	gnl|RZaadb|2096
gnl|RZaadb|20|WP_003547547.1	WP_003547547.1	gnl|RZaadb|20
gnl|RZaadb|2103|WP_016733346.1	WP_016733346.1	gnl|RZaadb|2103
gnl|RZaadb|2104|WP_016733347.1	WP_016733347.1	gnl|RZaadb|2104
gnl|RZaadb|2113|WP_016733357.1	WP_016733357.1	gnl|RZaadb|2113
gnl|RZaadb|211|WP_004672323.1	WP_004672323.1	gnl|RZaadb|211
gnl|RZaadb|2140|WP_016733397.1	WP_016733397.1	gnl|RZaadb|2140
gnl|RZaadb|2150|WP_016733409.1	WP_016733409.1	gnl|RZaadb|2150
gnl|RZaadb|219|WP_004672493.1	WP_004672493.1	gnl|RZaadb|219
gnl|RZaadb|21|WP_003547550.1	WP_003547550.1	gnl|RZaadb|21
gnl|RZaadb|2215|WP_016733493.1	WP_016733493.1	gnl|RZaadb|2215
gnl|RZaadb|2218|WP_016733499.1	WP_016733499.1	gnl|RZaadb|2218
gnl|RZaadb|2219|WP_016733500.1	WP_016733500.1	gnl|RZaadb|2219
gnl|RZaadb|222|WP_004672572.1	WP_004672572.1	gnl|RZaadb|222
gnl|RZaadb|2245|WP_016733537.1	WP_016733537.1	gnl|RZaadb|2245
gnl|RZaadb|2246|WP_016733538.1	WP_016733538.1	gnl|RZaadb|2246
gnl|RZaadb|224|WP_004672606.1	WP_004672606.1	gnl|RZaadb|224
gnl|RZaadb|2250|WP_016733543.1	WP_016733543.1	gnl|RZaadb|2250
gnl|RZaadb|2256|WP_016733549.1	WP_016733549.1	gnl|RZaadb|2256
gnl|RZaadb|2257|WP_016733550.1	WP_016733550.1	gnl|RZaadb|2257
gnl|RZaadb|2266|WP_016733559.1	WP_016733559.1	gnl|RZaadb|2266
gnl|RZaadb|2267|WP_016733560.1	WP_016733560.1	gnl|RZaadb|2267
gnl|RZaadb|2269|WP_016733565.1	WP_016733565.1	gnl|RZaadb|2269
gnl|RZaadb|226|WP_004672616.1	WP_004672616.1	gnl|RZaadb|226
gnl|RZaadb|2275|WP_016733572.1	WP_016733572.1	gnl|RZaadb|2275
gnl|RZaadb|227|WP_004672623.1	WP_004672623.1	gnl|RZaadb|227
gnl|RZaadb|2280|WP_016733577.1	WP_016733577.1	gnl|RZaadb|2280
gnl|RZaadb|2281|WP_016733578.1	WP_016733578.1	gnl|RZaadb|2281
gnl|RZaadb|2285|WP_016733582.1	WP_016733582.1	gnl|RZaadb|2285
gnl|RZaadb|2289|WP_016733589.1	WP_016733589.1	gnl|RZaadb|2289
gnl|RZaadb|228|WP_004672626.1	WP_004672626.1	gnl|RZaadb|228
gnl|RZaadb|2290|WP_016733591.1	WP_016733591.1	gnl|RZaadb|2290
gnl|RZaadb|2292|WP_016733594.1	WP_016733594.1	gnl|RZaadb|2292
gnl|RZaadb|2293|WP_016733595.1	WP_016733595.1	gnl|RZaadb|2293
gnl|RZaadb|2297|WP_016733599.1	WP_016733599.1	gnl|RZaadb|2297
gnl|RZaadb|2298|WP_016733600.1	WP_016733600.1	gnl|RZaadb|2298
gnl|RZaadb|229|WP_004672627.1	WP_004672627.1	gnl|RZaadb|229
gnl|RZaadb|22|WP_003547562.1	WP_003547562.1	gnl|RZaadb|22
gnl|RZaadb|2307|WP_016733612.1	WP_016733612.1	gnl|RZaadb|2307
gnl|RZaadb|2308|WP_016733613.1	WP_016733613.1	gnl|RZaadb|2308
gnl|RZaadb|2311|WP_016733616.1	WP_016733616.1	gnl|RZaadb|2311
gnl|RZaadb|231|WP_004672637.1	WP_004672637.1	gnl|RZaadb|231
gnl|RZaadb|2322|WP_016733629.1	WP_016733629.1	gnl|RZaadb|2322
gnl|RZaadb|2324|WP_016733632.1	WP_016733632.1	gnl|RZaadb|2324
gnl|RZaadb|2336|WP_016733653.1	WP_016733653.1	gnl|RZaadb|2336
gnl|RZaadb|2345|WP_016733664.1	WP_016733664.1	gnl|RZaadb|2345
gnl|RZaadb|2346|WP_016733665.1	WP_016733665.1	gnl|RZaadb|2346
gnl|RZaadb|2347|WP_016733666.1	WP_016733666.1	gnl|RZaadb|2347
gnl|RZaadb|2348|WP_016733667.1	WP_016733667.1	gnl|RZaadb|2348
gnl|RZaadb|2352|WP_016733674.1	WP_016733674.1	gnl|RZaadb|2352
gnl|RZaadb|2356|WP_016733683.1	WP_016733683.1	gnl|RZaadb|2356
gnl|RZaadb|235|WP_004672645.1	WP_004672645.1	gnl|RZaadb|235
gnl|RZaadb|2364|WP_016733693.1	WP_016733693.1	gnl|RZaadb|2364
gnl|RZaadb|2370|WP_016733701.1	WP_016733701.1	gnl|RZaadb|2370
gnl|RZaadb|2371|WP_016733702.1	WP_016733702.1	gnl|RZaadb|2371
gnl|RZaadb|2373|WP_016733704.1	WP_016733704.1	gnl|RZaadb|2373
gnl|RZaadb|2378|WP_016733709.1	WP_016733709.1	gnl|RZaadb|2378
gnl|RZaadb|2384|WP_016733718.1	WP_016733718.1	gnl|RZaadb|2384
gnl|RZaadb|2385|WP_016733719.1	WP_016733719.1	gnl|RZaadb|2385
gnl|RZaadb|2387|WP_016733721.1	WP_016733721.1	gnl|RZaadb|2387
gnl|RZaadb|2393|WP_016733732.1	WP_016733732.1	gnl|RZaadb|2393
gnl|RZaadb|2398|WP_016733738.1	WP_016733738.1	gnl|RZaadb|2398
gnl|RZaadb|2405|WP_016733745.1	WP_016733745.1	gnl|RZaadb|2405
gnl|RZaadb|2406|WP_016733746.1	WP_016733746.1	gnl|RZaadb|2406
gnl|RZaadb|2408|WP_016733749.1	WP_016733749.1	gnl|RZaadb|2408
gnl|RZaadb|2409|WP_016733750.1	WP_016733750.1	gnl|RZaadb|2409
gnl|RZaadb|241|WP_004672768.1	WP_004672768.1	gnl|RZaadb|241
gnl|RZaadb|2421|WP_016733765.1	WP_016733765.1	gnl|RZaadb|2421
gnl|RZaadb|2428|WP_016733775.1	WP_016733775.1	gnl|RZaadb|2428
gnl|RZaadb|2429|WP_016733776.1	WP_016733776.1	gnl|RZaadb|2429
gnl|RZaadb|242|WP_004672769.1	WP_004672769.1	gnl|RZaadb|242
gnl|RZaadb|2431|WP_016733778.1	WP_016733778.1	gnl|RZaadb|2431
gnl|RZaadb|2432|WP_016733779.1	WP_016733779.1	gnl|RZaadb|2432
gnl|RZaadb|2433|WP_016733780.1	WP_016733780.1	gnl|RZaadb|2433
gnl|RZaadb|2436|WP_016733783.1	WP_016733783.1	gnl|RZaadb|2436
gnl|RZaadb|243|WP_004672770.1	WP_004672770.1	gnl|RZaadb|243
gnl|RZaadb|2441|WP_016733789.1	WP_016733789.1	gnl|RZaadb|2441
gnl|RZaadb|244|WP_004672775.1	WP_004672775.1	gnl|RZaadb|244
gnl|RZaadb|2454|WP_016733806.1	WP_016733806.1	gnl|RZaadb|2454
gnl|RZaadb|2466|WP_016733827.1	WP_016733827.1	gnl|RZaadb|2466
gnl|RZaadb|2494|WP_016733866.1	WP_016733866.1	gnl|RZaadb|2494
gnl|RZaadb|2498|WP_016733870.1	WP_016733870.1	gnl|RZaadb|2498
gnl|RZaadb|2499|WP_016733871.1	WP_016733871.1	gnl|RZaadb|2499
gnl|RZaadb|24|WP_003547577.1	WP_003547577.1	gnl|RZaadb|24
gnl|RZaadb|2500|WP_016733872.1	WP_016733872.1	gnl|RZaadb|2500
gnl|RZaadb|2501|WP_016733873.1	WP_016733873.1	gnl|RZaadb|2501
gnl|RZaadb|2502|WP_016733874.1	WP_016733874.1	gnl|RZaadb|2502
gnl|RZaadb|2504|WP_016733877.1	WP_016733877.1	gnl|RZaadb|2504
gnl|RZaadb|250|WP_004672829.1	WP_004672829.1	gnl|RZaadb|250
gnl|RZaadb|2515|WP_016733890.1	WP_016733890.1	gnl|RZaadb|2515
gnl|RZaadb|2516|WP_016733891.1	WP_016733891.1	gnl|RZaadb|2516
gnl|RZaadb|2538|WP_016733917.1	WP_016733917.1	gnl|RZaadb|2538
gnl|RZaadb|2539|WP_016733918.1	WP_016733918.1	gnl|RZaadb|2539
gnl|RZaadb|2553|WP_016733934.1	WP_016733934.1	gnl|RZaadb|2553
gnl|RZaadb|255|WP_004673076.1	WP_004673076.1	gnl|RZaadb|255
gnl|RZaadb|2564|WP_016733951.1	WP_016733951.1	gnl|RZaadb|2564
gnl|RZaadb|2566|WP_016733953.1	WP_016733953.1	gnl|RZaadb|2566
gnl|RZaadb|257|WP_004673096.1	WP_004673096.1	gnl|RZaadb|257
gnl|RZaadb|2586|WP_016733976.1	WP_016733976.1	gnl|RZaadb|2586
gnl|RZaadb|2587|WP_016733978.1	WP_016733978.1	gnl|RZaadb|2587
gnl|RZaadb|2588|WP_016733979.1	WP_016733979.1	gnl|RZaadb|2588
gnl|RZaadb|2590|WP_016733983.1	WP_016733983.1	gnl|RZaadb|2590
gnl|RZaadb|2597|WP_016733995.1	WP_016733995.1	gnl|RZaadb|2597
gnl|RZaadb|2599|WP_016733999.1	WP_016733999.1	gnl|RZaadb|2599
gnl|RZaadb|25|WP_003547579.1	WP_003547579.1	gnl|RZaadb|25
gnl|RZaadb|2600|WP_016734001.1	WP_016734001.1	gnl|RZaadb|2600
gnl|RZaadb|2603|WP_016734004.1	WP_016734004.1	gnl|RZaadb|2603
gnl|RZaadb|2604|WP_016734005.1	WP_016734005.1	gnl|RZaadb|2604
gnl|RZaadb|2606|WP_016734007.1	WP_016734007.1	gnl|RZaadb|2606
gnl|RZaadb|2607|WP_016734008.1	WP_016734008.1	gnl|RZaadb|2607
gnl|RZaadb|2608|WP_016734011.1	WP_016734011.1	gnl|RZaadb|2608
gnl|RZaadb|2612|WP_016734016.1	WP_016734016.1	gnl|RZaadb|2612
gnl|RZaadb|2613|WP_016734018.1	WP_016734018.1	gnl|RZaadb|2613
gnl|RZaadb|2614|WP_016734019.1	WP_016734019.1	gnl|RZaadb|2614
gnl|RZaadb|2615|WP_016734020.1	WP_016734020.1	gnl|RZaadb|2615
gnl|RZaadb|2617|WP_016734022.1	WP_016734022.1	gnl|RZaadb|2617
gnl|RZaadb|2618|WP_016734023.1	WP_016734023.1	gnl|RZaadb|2618
gnl|RZaadb|2619|WP_016734024.1	WP_016734024.1	gnl|RZaadb|2619
gnl|RZaadb|2620|WP_016734025.1	WP_016734025.1	gnl|RZaadb|2620
gnl|RZaadb|2625|WP_016734034.1	WP_016734034.1	gnl|RZaadb|2625
gnl|RZaadb|2626|WP_016734036.1	WP_016734036.1	gnl|RZaadb|2626
gnl|RZaadb|2629|WP_016734039.1	WP_016734039.1	gnl|RZaadb|2629
gnl|RZaadb|2631|WP_016734041.1	WP_016734041.1	gnl|RZaadb|2631
gnl|RZaadb|2632|WP_016734042.1	WP_016734042.1	gnl|RZaadb|2632
gnl|RZaadb|2647|WP_016734063.1	WP_016734063.1	gnl|RZaadb|2647
gnl|RZaadb|2655|WP_016734072.1	WP_016734072.1	gnl|RZaadb|2655
gnl|RZaadb|267|WP_004673336.1	WP_004673336.1	gnl|RZaadb|267
gnl|RZaadb|268|WP_004673346.1	WP_004673346.1	gnl|RZaadb|268
gnl|RZaadb|2704|WP_016734127.1	WP_016734127.1	gnl|RZaadb|2704
gnl|RZaadb|270|WP_004673394.1	WP_004673394.1	gnl|RZaadb|270
gnl|RZaadb|271|WP_004673395.1	WP_004673395.1	gnl|RZaadb|271
gnl|RZaadb|2730|WP_016734160.1	WP_016734160.1	gnl|RZaadb|2730
gnl|RZaadb|2731|WP_016734162.1	WP_016734162.1	gnl|RZaadb|2731
gnl|RZaadb|2735|WP_016734167.1	WP_016734167.1	gnl|RZaadb|2735
gnl|RZaadb|2745|WP_016734182.1	WP_016734182.1	gnl|RZaadb|2745
gnl|RZaadb|2746|WP_016734183.1	WP_016734183.1	gnl|RZaadb|2746
gnl|RZaadb|2747|WP_016734184.1	WP_016734184.1	gnl|RZaadb|2747
gnl|RZaadb|2748|WP_016734185.1	WP_016734185.1	gnl|RZaadb|2748
gnl|RZaadb|274|WP_004673514.1	WP_004673514.1	gnl|RZaadb|274
gnl|RZaadb|275|WP_004673526.1	WP_004673526.1	gnl|RZaadb|275
gnl|RZaadb|2760|WP_016734201.1	WP_016734201.1	gnl|RZaadb|2760
gnl|RZaadb|2767|WP_016734216.1	WP_016734216.1	gnl|RZaadb|2767
gnl|RZaadb|2768|WP_016734217.1	WP_016734217.1	gnl|RZaadb|2768
gnl|RZaadb|2769|WP_016734220.1	WP_016734220.1	gnl|RZaadb|2769
gnl|RZaadb|276|WP_004673532.1	WP_004673532.1	gnl|RZaadb|276
gnl|RZaadb|2772|WP_016734223.1	WP_016734223.1	gnl|RZaadb|2772
gnl|RZaadb|277|WP_004673538.1	WP_004673538.1	gnl|RZaadb|277
gnl|RZaadb|2787|WP_016734246.1	WP_016734246.1	gnl|RZaadb|2787
gnl|RZaadb|278|WP_004673542.1	WP_004673542.1	gnl|RZaadb|278
gnl|RZaadb|2790|WP_016734250.1	WP_016734250.1	gnl|RZaadb|2790
gnl|RZaadb|2791|WP_016734251.1	WP_016734251.1	gnl|RZaadb|2791
gnl|RZaadb|2792|WP_016734253.1	WP_016734253.1	gnl|RZaadb|2792
gnl|RZaadb|2793|WP_016734254.1	WP_016734254.1	gnl|RZaadb|2793
gnl|RZaadb|2795|WP_016734256.1	WP_016734256.1	gnl|RZaadb|2795
gnl|RZaadb|2798|WP_016734261.1	WP_016734261.1	gnl|RZaadb|2798
gnl|RZaadb|2799|WP_016734262.1	WP_016734262.1	gnl|RZaadb|2799
gnl|RZaadb|2801|WP_016734264.1	WP_016734264.1	gnl|RZaadb|2801
gnl|RZaadb|2808|WP_016734271.1	WP_016734271.1	gnl|RZaadb|2808
gnl|RZaadb|2816|WP_016734279.1	WP_016734279.1	gnl|RZaadb|2816
gnl|RZaadb|2819|WP_016734288.1	WP_016734288.1	gnl|RZaadb|2819
gnl|RZaadb|2822|WP_016734293.1	WP_016734293.1	gnl|RZaadb|2822
gnl|RZaadb|2825|WP_016734296.1	WP_016734296.1	gnl|RZaadb|2825
gnl|RZaadb|2826|WP_016734297.1	WP_016734297.1	gnl|RZaadb|2826
gnl|RZaadb|2827|WP_016734298.1	WP_016734298.1	gnl|RZaadb|2827
gnl|RZaadb|2829|WP_016734300.1	WP_016734300.1	gnl|RZaadb|2829
gnl|RZaadb|284|WP_004673564.1	WP_004673564.1	gnl|RZaadb|284
gnl|RZaadb|2851|WP_016734327.1	WP_016734327.1	gnl|RZaadb|2851
gnl|RZaadb|2857|WP_016734334.1	WP_016734334.1	gnl|RZaadb|2857
gnl|RZaadb|2860|WP_016734338.1	WP_016734338.1	gnl|RZaadb|2860
gnl|RZaadb|2862|WP_016734340.1	WP_016734340.1	gnl|RZaadb|2862
gnl|RZaadb|2863|WP_016734342.1	WP_016734342.1	gnl|RZaadb|2863
gnl|RZaadb|2876|WP_016734361.1	WP_016734361.1	gnl|RZaadb|2876
gnl|RZaadb|287|WP_004673652.1	WP_004673652.1	gnl|RZaadb|287
gnl|RZaadb|2890|WP_016734376.1	WP_016734376.1	gnl|RZaadb|2890
gnl|RZaadb|2897|WP_016734385.1	WP_016734385.1	gnl|RZaadb|2897
gnl|RZaadb|2902|WP_016734391.1	WP_016734391.1	gnl|RZaadb|2902
gnl|RZaadb|2904|WP_016734396.1	WP_016734396.1	gnl|RZaadb|2904
gnl|RZaadb|2906|WP_016734398.1	WP_016734398.1	gnl|RZaadb|2906
gnl|RZaadb|2910|WP_016734404.1	WP_016734404.1	gnl|RZaadb|2910
gnl|RZaadb|2913|WP_016734407.1	WP_016734407.1	gnl|RZaadb|2913
gnl|RZaadb|2914|WP_016734409.1	WP_016734409.1	gnl|RZaadb|2914
gnl|RZaadb|2918|WP_016734413.1	WP_016734413.1	gnl|RZaadb|2918
gnl|RZaadb|2919|WP_016734414.1	WP_016734414.1	gnl|RZaadb|2919
gnl|RZaadb|291|WP_004673738.1	WP_004673738.1	gnl|RZaadb|291
gnl|RZaadb|2924|WP_016734419.1	WP_016734419.1	gnl|RZaadb|2924
gnl|RZaadb|2961|WP_016734462.1	WP_016734462.1	gnl|RZaadb|2961
gnl|RZaadb|2962|WP_016734463.1	WP_016734463.1	gnl|RZaadb|2962
gnl|RZaadb|2963|WP_016734464.1	WP_016734464.1	gnl|RZaadb|2963
gnl|RZaadb|2971|WP_016734479.1	WP_016734479.1	gnl|RZaadb|2971
gnl|RZaadb|297|WP_004673775.1	WP_004673775.1	gnl|RZaadb|297
gnl|RZaadb|298|WP_004673778.1	WP_004673778.1	gnl|RZaadb|298
gnl|RZaadb|29|WP_003566413.1	WP_003566413.1	gnl|RZaadb|29
gnl|RZaadb|2|WP_003539626.1	WP_003539626.1	gnl|RZaadb|2
gnl|RZaadb|3017|WP_016734546.1	WP_016734546.1	gnl|RZaadb|3017
gnl|RZaadb|3019|WP_016734548.1	WP_016734548.1	gnl|RZaadb|3019
gnl|RZaadb|301|WP_004673785.1	WP_004673785.1	gnl|RZaadb|301
gnl|RZaadb|3021|WP_016734552.1	WP_016734552.1	gnl|RZaadb|3021
gnl|RZaadb|3030|WP_016734566.1	WP_016734566.1	gnl|RZaadb|3030
gnl|RZaadb|3036|WP_016734576.1	WP_016734576.1	gnl|RZaadb|3036
gnl|RZaadb|3043|WP_016734584.1	WP_016734584.1	gnl|RZaadb|3043
gnl|RZaadb|3046|WP_016734587.1	WP_016734587.1	gnl|RZaadb|3046
gnl|RZaadb|3048|WP_016734590.1	WP_016734590.1	gnl|RZaadb|3048
gnl|RZaadb|3050|WP_016734593.1	WP_016734593.1	gnl|RZaadb|3050
gnl|RZaadb|3058|WP_016734605.1	WP_016734605.1	gnl|RZaadb|3058
gnl|RZaadb|305|WP_004673821.1	WP_004673821.1	gnl|RZaadb|305
gnl|RZaadb|3066|WP_016734613.1	WP_016734613.1	gnl|RZaadb|3066
gnl|RZaadb|3075|WP_016734630.1	WP_016734630.1	gnl|RZaadb|3075
gnl|RZaadb|3076|WP_016734631.1	WP_016734631.1	gnl|RZaadb|3076
gnl|RZaadb|3079|WP_016734634.1	WP_016734634.1	gnl|RZaadb|3079
gnl|RZaadb|3080|WP_016734635.1	WP_016734635.1	gnl|RZaadb|3080
gnl|RZaadb|3081|WP_016734636.1	WP_016734636.1	gnl|RZaadb|3081
gnl|RZaadb|3083|WP_016734639.1	WP_016734639.1	gnl|RZaadb|3083
gnl|RZaadb|3084|WP_016734641.1	WP_016734641.1	gnl|RZaadb|3084
gnl|RZaadb|3087|WP_016734645.1	WP_016734645.1	gnl|RZaadb|3087
gnl|RZaadb|3088|WP_016734646.1	WP_016734646.1	gnl|RZaadb|3088
gnl|RZaadb|3091|WP_016734650.1	WP_016734650.1	gnl|RZaadb|3091
gnl|RZaadb|3094|WP_016734656.1	WP_016734656.1	gnl|RZaadb|3094
gnl|RZaadb|3096|WP_016734658.1	WP_016734658.1	gnl|RZaadb|3096
gnl|RZaadb|3097|WP_016734659.1	WP_016734659.1	gnl|RZaadb|3097
gnl|RZaadb|3101|WP_016734663.1	WP_016734663.1	gnl|RZaadb|3101
gnl|RZaadb|3102|WP_016734667.1	WP_016734667.1	gnl|RZaadb|3102
gnl|RZaadb|3105|WP_016734670.1	WP_016734670.1	gnl|RZaadb|3105
gnl|RZaadb|3106|WP_016734671.1	WP_016734671.1	gnl|RZaadb|3106
gnl|RZaadb|3107|WP_016734672.1	WP_016734672.1	gnl|RZaadb|3107
gnl|RZaadb|3108|WP_016734675.1	WP_016734675.1	gnl|RZaadb|3108
gnl|RZaadb|3109|WP_016734678.1	WP_016734678.1	gnl|RZaadb|3109
gnl|RZaadb|310|WP_004673840.1	WP_004673840.1	gnl|RZaadb|310
gnl|RZaadb|3115|WP_016734686.1	WP_016734686.1	gnl|RZaadb|3115
gnl|RZaadb|3118|WP_016734689.1	WP_016734689.1	gnl|RZaadb|3118
gnl|RZaadb|3119|WP_016734690.1	WP_016734690.1	gnl|RZaadb|3119
gnl|RZaadb|311|WP_004673860.1	WP_004673860.1	gnl|RZaadb|311
gnl|RZaadb|3120|WP_016734691.1	WP_016734691.1	gnl|RZaadb|3120
gnl|RZaadb|3131|WP_016734704.1	WP_016734704.1	gnl|RZaadb|3131
gnl|RZaadb|3132|WP_016734705.1	WP_016734705.1	gnl|RZaadb|3132
gnl|RZaadb|3136|WP_016734709.1	WP_016734709.1	gnl|RZaadb|3136
gnl|RZaadb|313|WP_004673867.1	WP_004673867.1	gnl|RZaadb|313
gnl|RZaadb|3149|WP_016734722.1	WP_016734722.1	gnl|RZaadb|3149
gnl|RZaadb|3151|WP_016734725.1	WP_016734725.1	gnl|RZaadb|3151
gnl|RZaadb|3157|WP_016734732.1	WP_016734732.1	gnl|RZaadb|3157
gnl|RZaadb|3158|WP_016734733.1	WP_016734733.1	gnl|RZaadb|3158
gnl|RZaadb|3159|WP_016734734.1	WP_016734734.1	gnl|RZaadb|3159
gnl|RZaadb|3165|WP_016734745.1	WP_016734745.1	gnl|RZaadb|3165
gnl|RZaadb|3166|WP_016734746.1	WP_016734746.1	gnl|RZaadb|3166
gnl|RZaadb|3172|WP_016734755.1	WP_016734755.1	gnl|RZaadb|3172
gnl|RZaadb|3176|WP_016734759.1	WP_016734759.1	gnl|RZaadb|3176
gnl|RZaadb|3187|WP_016734770.1	WP_016734770.1	gnl|RZaadb|3187
gnl|RZaadb|319|WP_004674116.1	WP_004674116.1	gnl|RZaadb|319
gnl|RZaadb|3205|WP_016734791.1	WP_016734791.1	gnl|RZaadb|3205
gnl|RZaadb|3208|WP_016734795.1	WP_016734795.1	gnl|RZaadb|3208
gnl|RZaadb|3210|WP_016734797.1	WP_016734797.1	gnl|RZaadb|3210
gnl|RZaadb|3232|WP_016734824.1	WP_016734824.1	gnl|RZaadb|3232
gnl|RZaadb|323|WP_004674139.1	WP_004674139.1	gnl|RZaadb|323
gnl|RZaadb|3240|WP_016734833.1	WP_016734833.1	gnl|RZaadb|3240
gnl|RZaadb|3242|WP_016734835.1	WP_016734835.1	gnl|RZaadb|3242
gnl|RZaadb|3247|WP_016734843.1	WP_016734843.1	gnl|RZaadb|3247
gnl|RZaadb|324|WP_004674150.1	WP_004674150.1	gnl|RZaadb|324
gnl|RZaadb|3250|WP_016734848.1	WP_016734848.1	gnl|RZaadb|3250
gnl|RZaadb|3253|WP_016734852.1	WP_016734852.1	gnl|RZaadb|3253
gnl|RZaadb|325|WP_004674197.1	WP_004674197.1	gnl|RZaadb|325
gnl|RZaadb|3261|WP_016734863.1	WP_016734863.1	gnl|RZaadb|3261
gnl|RZaadb|3262|WP_016734864.1	WP_016734864.1	gnl|RZaadb|3262
gnl|RZaadb|3268|WP_016734874.1	WP_016734874.1	gnl|RZaadb|3268
gnl|RZaadb|3276|WP_016734883.1	WP_016734883.1	gnl|RZaadb|3276
gnl|RZaadb|3277|WP_016734884.1	WP_016734884.1	gnl|RZaadb|3277
gnl|RZaadb|3278|WP_016734886.1	WP_016734886.1	gnl|RZaadb|3278
gnl|RZaadb|3281|WP_016734889.1	WP_016734889.1	gnl|RZaadb|3281
gnl|RZaadb|3282|WP_016734890.1	WP_016734890.1	gnl|RZaadb|3282
gnl|RZaadb|3284|WP_016734892.1	WP_016734892.1	gnl|RZaadb|3284
gnl|RZaadb|3288|WP_016734896.1	WP_016734896.1	gnl|RZaadb|3288
gnl|RZaadb|3289|WP_016734897.1	WP_016734897.1	gnl|RZaadb|3289
gnl|RZaadb|3290|WP_016734898.1	WP_016734898.1	gnl|RZaadb|3290
gnl|RZaadb|3292|WP_016734900.1	WP_016734900.1	gnl|RZaadb|3292
gnl|RZaadb|3295|WP_016734903.1	WP_016734903.1	gnl|RZaadb|3295
gnl|RZaadb|3296|WP_016734904.1	WP_016734904.1	gnl|RZaadb|3296
gnl|RZaadb|3315|WP_016734930.1	WP_016734930.1	gnl|RZaadb|3315
gnl|RZaadb|3319|WP_016734937.1	WP_016734937.1	gnl|RZaadb|3319
gnl|RZaadb|3322|WP_016734945.1	WP_016734945.1	gnl|RZaadb|3322
gnl|RZaadb|3323|WP_016734946.1	WP_016734946.1	gnl|RZaadb|3323
gnl|RZaadb|3324|WP_016734947.1	WP_016734947.1	gnl|RZaadb|3324
gnl|RZaadb|3331|WP_016734957.1	WP_016734957.1	gnl|RZaadb|3331
gnl|RZaadb|3335|WP_016734963.1	WP_016734963.1	gnl|RZaadb|3335
gnl|RZaadb|3336|WP_016734964.1	WP_016734964.1	gnl|RZaadb|3336
gnl|RZaadb|3340|WP_016734968.1	WP_016734968.1	gnl|RZaadb|3340
gnl|RZaadb|3342|WP_016734970.1	WP_016734970.1	gnl|RZaadb|3342
gnl|RZaadb|3343|WP_016734971.1	WP_016734971.1	gnl|RZaadb|3343
gnl|RZaadb|3345|WP_016734974.1	WP_016734974.1	gnl|RZaadb|3345
gnl|RZaadb|3346|WP_016734976.1	WP_016734976.1	gnl|RZaadb|3346
gnl|RZaadb|3349|WP_016734980.1	WP_016734980.1	gnl|RZaadb|3349
gnl|RZaadb|3350|WP_016734981.1	WP_016734981.1	gnl|RZaadb|3350
gnl|RZaadb|3353|WP_016734984.1	WP_016734984.1	gnl|RZaadb|3353
gnl|RZaadb|3354|WP_016734985.1	WP_016734985.1	gnl|RZaadb|3354
gnl|RZaadb|3356|WP_016734987.1	WP_016734987.1	gnl|RZaadb|3356
gnl|RZaadb|3357|WP_016734988.1	WP_016734988.1	gnl|RZaadb|3357
gnl|RZaadb|3358|WP_016734989.1	WP_016734989.1	gnl|RZaadb|3358
gnl|RZaadb|3366|WP_016734998.1	WP_016734998.1	gnl|RZaadb|3366
gnl|RZaadb|3368|WP_016735000.1	WP_016735000.1	gnl|RZaadb|3368
gnl|RZaadb|3371|WP_016735006.1	WP_016735006.1	gnl|RZaadb|3371
gnl|RZaadb|3372|WP_016735007.1	WP_016735007.1	gnl|RZaadb|3372
gnl|RZaadb|3376|WP_016735011.1	WP_016735011.1	gnl|RZaadb|3376
gnl|RZaadb|3377|WP_016735013.1	WP_016735013.1	gnl|RZaadb|3377
gnl|RZaadb|3378|WP_016735014.1	WP_016735014.1	gnl|RZaadb|3378
gnl|RZaadb|3380|WP_016735016.1	WP_016735016.1	gnl|RZaadb|3380
gnl|RZaadb|3383|WP_016735019.1	WP_016735019.1	gnl|RZaadb|3383
gnl|RZaadb|3386|WP_016735023.1	WP_016735023.1	gnl|RZaadb|3386
gnl|RZaadb|3394|WP_016735033.1	WP_016735033.1	gnl|RZaadb|3394
gnl|RZaadb|3399|WP_016735038.1	WP_016735038.1	gnl|RZaadb|3399
gnl|RZaadb|3403|WP_016735044.1	WP_016735044.1	gnl|RZaadb|3403
gnl|RZaadb|3404|WP_016735045.1	WP_016735045.1	gnl|RZaadb|3404
gnl|RZaadb|3409|WP_016735050.1	WP_016735050.1	gnl|RZaadb|3409
gnl|RZaadb|3410|WP_016735051.1	WP_016735051.1	gnl|RZaadb|3410
gnl|RZaadb|3411|WP_016735052.1	WP_016735052.1	gnl|RZaadb|3411
gnl|RZaadb|3415|WP_016735057.1	WP_016735057.1	gnl|RZaadb|3415
gnl|RZaadb|3421|WP_016735063.1	WP_016735063.1	gnl|RZaadb|3421
gnl|RZaadb|3422|WP_016735064.1	WP_016735064.1	gnl|RZaadb|3422
gnl|RZaadb|3425|WP_016735068.1	WP_016735068.1	gnl|RZaadb|3425
gnl|RZaadb|3431|WP_016735074.1	WP_016735074.1	gnl|RZaadb|3431
gnl|RZaadb|3433|WP_016735076.1	WP_016735076.1	gnl|RZaadb|3433
gnl|RZaadb|3442|WP_016735088.1	WP_016735088.1	gnl|RZaadb|3442
gnl|RZaadb|3445|WP_016735092.1	WP_016735092.1	gnl|RZaadb|3445
gnl|RZaadb|3450|WP_016735099.1	WP_016735099.1	gnl|RZaadb|3450
gnl|RZaadb|3451|WP_016735101.1	WP_016735101.1	gnl|RZaadb|3451
gnl|RZaadb|3452|WP_016735102.1	WP_016735102.1	gnl|RZaadb|3452
gnl|RZaadb|3458|WP_016735110.1	WP_016735110.1	gnl|RZaadb|3458
gnl|RZaadb|3459|WP_016735111.1	WP_016735111.1	gnl|RZaadb|3459
gnl|RZaadb|345|WP_004674538.1	WP_004674538.1	gnl|RZaadb|345
gnl|RZaadb|3460|WP_016735112.1	WP_016735112.1	gnl|RZaadb|3460
gnl|RZaadb|3461|WP_016735113.1	WP_016735113.1	gnl|RZaadb|3461
gnl|RZaadb|3462|WP_016735114.1	WP_016735114.1	gnl|RZaadb|3462
gnl|RZaadb|3463|WP_016735115.1	WP_016735115.1	gnl|RZaadb|3463
gnl|RZaadb|3464|WP_016735116.1	WP_016735116.1	gnl|RZaadb|3464
gnl|RZaadb|3466|WP_016735118.1	WP_016735118.1	gnl|RZaadb|3466
gnl|RZaadb|3467|WP_016735119.1	WP_016735119.1	gnl|RZaadb|3467
gnl|RZaadb|3468|WP_016735120.1	WP_016735120.1	gnl|RZaadb|3468
gnl|RZaadb|3469|WP_016735121.1	WP_016735121.1	gnl|RZaadb|3469
gnl|RZaadb|3480|WP_016735133.1	WP_016735133.1	gnl|RZaadb|3480
gnl|RZaadb|3487|WP_016735143.1	WP_016735143.1	gnl|RZaadb|3487
gnl|RZaadb|3490|WP_016735146.1	WP_016735146.1	gnl|RZaadb|3490
gnl|RZaadb|3491|WP_016735148.1	WP_016735148.1	gnl|RZaadb|3491
gnl|RZaadb|3493|WP_016735150.1	WP_016735150.1	gnl|RZaadb|3493
gnl|RZaadb|3495|WP_016735153.1	WP_016735153.1	gnl|RZaadb|3495
gnl|RZaadb|3496|WP_016735154.1	WP_016735154.1	gnl|RZaadb|3496
gnl|RZaadb|3498|WP_016735157.1	WP_016735157.1	gnl|RZaadb|3498
gnl|RZaadb|34|WP_003570770.1	WP_003570770.1	gnl|RZaadb|34
gnl|RZaadb|3501|WP_016735160.1	WP_016735160.1	gnl|RZaadb|3501
gnl|RZaadb|3503|WP_016735162.1	WP_016735162.1	gnl|RZaadb|3503
gnl|RZaadb|3516|WP_016735176.1	WP_016735176.1	gnl|RZaadb|3516
gnl|RZaadb|3517|WP_016735177.1	WP_016735177.1	gnl|RZaadb|3517
gnl|RZaadb|351|WP_004674733.1	WP_004674733.1	gnl|RZaadb|351
gnl|RZaadb|3520|WP_016735181.1	WP_016735181.1	gnl|RZaadb|3520
gnl|RZaadb|3521|WP_016735182.1	WP_016735182.1	gnl|RZaadb|3521
gnl|RZaadb|3522|WP_016735183.1	WP_016735183.1	gnl|RZaadb|3522
gnl|RZaadb|3527|WP_016735190.1	WP_016735190.1	gnl|RZaadb|3527
gnl|RZaadb|3528|WP_016735191.1	WP_016735191.1	gnl|RZaadb|3528
gnl|RZaadb|3530|WP_016735193.1	WP_016735193.1	gnl|RZaadb|3530
gnl|RZaadb|3532|WP_016735197.1	WP_016735197.1	gnl|RZaadb|3532
gnl|RZaadb|3536|WP_016735201.1	WP_016735201.1	gnl|RZaadb|3536
gnl|RZaadb|3540|WP_016735206.1	WP_016735206.1	gnl|RZaadb|3540
gnl|RZaadb|355|WP_004674851.1	WP_004674851.1	gnl|RZaadb|355
gnl|RZaadb|356|WP_004674871.1	WP_004674871.1	gnl|RZaadb|356
gnl|RZaadb|3572|WP_016735246.1	WP_016735246.1	gnl|RZaadb|3572
gnl|RZaadb|357|WP_004674918.1	WP_004674918.1	gnl|RZaadb|357
gnl|RZaadb|358|WP_004674922.1	WP_004674922.1	gnl|RZaadb|358
gnl|RZaadb|35|WP_003570776.1	WP_003570776.1	gnl|RZaadb|35
gnl|RZaadb|360|WP_004674926.1	WP_004674926.1	gnl|RZaadb|360
gnl|RZaadb|361|WP_004674929.1	WP_004674929.1	gnl|RZaadb|361
gnl|RZaadb|362|WP_004674949.1	WP_004674949.1	gnl|RZaadb|362
gnl|RZaadb|3631|WP_016735333.1	WP_016735333.1	gnl|RZaadb|3631
gnl|RZaadb|363|WP_004674972.1	WP_004674972.1	gnl|RZaadb|363
gnl|RZaadb|3645|WP_016735355.1	WP_016735355.1	gnl|RZaadb|3645
gnl|RZaadb|3647|WP_016735358.1	WP_016735358.1	gnl|RZaadb|3647
gnl|RZaadb|3648|WP_016735359.1	WP_016735359.1	gnl|RZaadb|3648
gnl|RZaadb|3649|WP_016735360.1	WP_016735360.1	gnl|RZaadb|3649
gnl|RZaadb|364|WP_004674979.1	WP_004674979.1	gnl|RZaadb|364
gnl|RZaadb|3660|WP_016735374.1	WP_016735374.1	gnl|RZaadb|3660
gnl|RZaadb|3675|WP_016735396.1	WP_016735396.1	gnl|RZaadb|3675
gnl|RZaadb|367|WP_004675044.1	WP_004675044.1	gnl|RZaadb|367
gnl|RZaadb|370|WP_004675052.1	WP_004675052.1	gnl|RZaadb|370
gnl|RZaadb|371|WP_004675053.1	WP_004675053.1	gnl|RZaadb|371
gnl|RZaadb|3731|WP_016735466.1	WP_016735466.1	gnl|RZaadb|3731
gnl|RZaadb|3739|WP_016735480.1	WP_016735480.1	gnl|RZaadb|3739
gnl|RZaadb|3740|WP_016735481.1	WP_016735481.1	gnl|RZaadb|3740
gnl|RZaadb|3759|WP_016735505.1	WP_016735505.1	gnl|RZaadb|3759
gnl|RZaadb|3760|WP_016735506.1	WP_016735506.1	gnl|RZaadb|3760
gnl|RZaadb|3761|WP_016735507.1	WP_016735507.1	gnl|RZaadb|3761
gnl|RZaadb|3762|WP_016735508.1	WP_016735508.1	gnl|RZaadb|3762
gnl|RZaadb|3763|WP_016735510.1	WP_016735510.1	gnl|RZaadb|3763
gnl|RZaadb|3773|WP_016735522.1	WP_016735522.1	gnl|RZaadb|3773
gnl|RZaadb|3774|WP_016735523.1	WP_016735523.1	gnl|RZaadb|3774
gnl|RZaadb|3776|WP_016735525.1	WP_016735525.1	gnl|RZaadb|3776
gnl|RZaadb|377|WP_004675229.1	WP_004675229.1	gnl|RZaadb|377
gnl|RZaadb|3799|WP_016735549.1	WP_016735549.1	gnl|RZaadb|3799
gnl|RZaadb|3805|WP_016735555.1	WP_016735555.1	gnl|RZaadb|3805
gnl|RZaadb|3807|WP_016735557.1	WP_016735557.1	gnl|RZaadb|3807
gnl|RZaadb|3817|WP_016735570.1	WP_016735570.1	gnl|RZaadb|3817
gnl|RZaadb|3819|WP_016735572.1	WP_016735572.1	gnl|RZaadb|3819
gnl|RZaadb|3820|WP_016735573.1	WP_016735573.1	gnl|RZaadb|3820
gnl|RZaadb|3821|WP_016735577.1	WP_016735577.1	gnl|RZaadb|3821
gnl|RZaadb|3878|WP_016735667.1	WP_016735667.1	gnl|RZaadb|3878
gnl|RZaadb|3881|WP_016735671.1	WP_016735671.1	gnl|RZaadb|3881
gnl|RZaadb|3884|WP_016735674.1	WP_016735674.1	gnl|RZaadb|3884
gnl|RZaadb|388|WP_004675552.1	WP_004675552.1	gnl|RZaadb|388
gnl|RZaadb|3892|WP_016735686.1	WP_016735686.1	gnl|RZaadb|3892
gnl|RZaadb|3896|WP_016735691.1	WP_016735691.1	gnl|RZaadb|3896
gnl|RZaadb|3897|WP_016735692.1	WP_016735692.1	gnl|RZaadb|3897
gnl|RZaadb|389|WP_004675596.1	WP_004675596.1	gnl|RZaadb|389
gnl|RZaadb|3905|WP_016735702.1	WP_016735702.1	gnl|RZaadb|3905
gnl|RZaadb|3911|WP_016735710.1	WP_016735710.1	gnl|RZaadb|3911
gnl|RZaadb|3912|WP_016735711.1	WP_016735711.1	gnl|RZaadb|3912
gnl|RZaadb|3915|WP_016735714.1	WP_016735714.1	gnl|RZaadb|3915
gnl|RZaadb|3916|WP_016735715.1	WP_016735715.1	gnl|RZaadb|3916
gnl|RZaadb|391|WP_004675609.1	WP_004675609.1	gnl|RZaadb|391
gnl|RZaadb|395|WP_004675679.1	WP_004675679.1	gnl|RZaadb|395
gnl|RZaadb|396|WP_004675681.1	WP_004675681.1	gnl|RZaadb|396
gnl|RZaadb|3986|WP_016735805.1	WP_016735805.1	gnl|RZaadb|3986
gnl|RZaadb|3992|WP_016735812.1	WP_016735812.1	gnl|RZaadb|3992
gnl|RZaadb|3995|WP_016735815.1	WP_016735815.1	gnl|RZaadb|3995
gnl|RZaadb|3997|WP_016735817.1	WP_016735817.1	gnl|RZaadb|3997
gnl|RZaadb|39|WP_003573772.1	WP_003573772.1	gnl|RZaadb|39
gnl|RZaadb|4004|WP_016735826.1	WP_016735826.1	gnl|RZaadb|4004
gnl|RZaadb|400|WP_004675748.1	WP_004675748.1	gnl|RZaadb|400
gnl|RZaadb|401|WP_004675751.1	WP_004675751.1	gnl|RZaadb|401
gnl|RZaadb|4025|WP_016735855.1	WP_016735855.1	gnl|RZaadb|4025
gnl|RZaadb|4040|WP_016735871.1	WP_016735871.1	gnl|RZaadb|4040
gnl|RZaadb|4042|WP_016735873.1	WP_016735873.1	gnl|RZaadb|4042
gnl|RZaadb|4047|WP_016735878.1	WP_016735878.1	gnl|RZaadb|4047
gnl|RZaadb|4048|WP_016735879.1	WP_016735879.1	gnl|RZaadb|4048
gnl|RZaadb|4051|WP_016735883.1	WP_016735883.1	gnl|RZaadb|4051
gnl|RZaadb|4054|WP_016735887.1	WP_016735887.1	gnl|RZaadb|4054
gnl|RZaadb|4056|WP_016735889.1	WP_016735889.1	gnl|RZaadb|4056
gnl|RZaadb|4057|WP_016735890.1	WP_016735890.1	gnl|RZaadb|4057
gnl|RZaadb|4058|WP_016735891.1	WP_016735891.1	gnl|RZaadb|4058
gnl|RZaadb|4059|WP_016735892.1	WP_016735892.1	gnl|RZaadb|4059
gnl|RZaadb|4066|WP_016735901.1	WP_016735901.1	gnl|RZaadb|4066
gnl|RZaadb|4068|WP_016735903.1	WP_016735903.1	gnl|RZaadb|4068
gnl|RZaadb|4072|WP_016735907.1	WP_016735907.1	gnl|RZaadb|4072
gnl|RZaadb|4076|WP_016735912.1	WP_016735912.1	gnl|RZaadb|4076
gnl|RZaadb|4085|WP_016735922.1	WP_016735922.1	gnl|RZaadb|4085
gnl|RZaadb|4088|WP_016735926.1	WP_016735926.1	gnl|RZaadb|4088
gnl|RZaadb|4089|WP_016735927.1	WP_016735927.1	gnl|RZaadb|4089
gnl|RZaadb|4092|WP_016735930.1	WP_016735930.1	gnl|RZaadb|4092
gnl|RZaadb|4097|WP_016735936.1	WP_016735936.1	gnl|RZaadb|4097
gnl|RZaadb|40|WP_003573784.1	WP_003573784.1	gnl|RZaadb|40
gnl|RZaadb|410|WP_004675831.1	WP_004675831.1	gnl|RZaadb|410
gnl|RZaadb|4110|WP_016735955.1	WP_016735955.1	gnl|RZaadb|4110
gnl|RZaadb|4111|WP_016735956.1	WP_016735956.1	gnl|RZaadb|4111
gnl|RZaadb|4126|WP_016735972.1	WP_016735972.1	gnl|RZaadb|4126
gnl|RZaadb|4130|WP_016735977.1	WP_016735977.1	gnl|RZaadb|4130
gnl|RZaadb|4134|WP_016735983.1	WP_016735983.1	gnl|RZaadb|4134
gnl|RZaadb|415|WP_004675925.1	WP_004675925.1	gnl|RZaadb|415
gnl|RZaadb|4162|WP_016736018.1	WP_016736018.1	gnl|RZaadb|4162
gnl|RZaadb|4184|WP_016736046.1	WP_016736046.1	gnl|RZaadb|4184
gnl|RZaadb|41|WP_003573785.1	WP_003573785.1	gnl|RZaadb|41
gnl|RZaadb|4205|WP_016736079.1	WP_016736079.1	gnl|RZaadb|4205
gnl|RZaadb|420|WP_004675947.1	WP_004675947.1	gnl|RZaadb|420
gnl|RZaadb|4239|WP_016736150.1	WP_016736150.1	gnl|RZaadb|4239
gnl|RZaadb|4253|WP_016736175.1	WP_016736175.1	gnl|RZaadb|4253
gnl|RZaadb|4254|WP_016736179.1	WP_016736179.1	gnl|RZaadb|4254
gnl|RZaadb|4259|WP_016736185.1	WP_016736185.1	gnl|RZaadb|4259
gnl|RZaadb|4262|WP_016736191.1	WP_016736191.1	gnl|RZaadb|4262
gnl|RZaadb|4263|WP_016736192.1	WP_016736192.1	gnl|RZaadb|4263
gnl|RZaadb|4271|WP_016736202.1	WP_016736202.1	gnl|RZaadb|4271
gnl|RZaadb|4272|WP_016736204.1	WP_016736204.1	gnl|RZaadb|4272
gnl|RZaadb|4273|WP_016736205.1	WP_016736205.1	gnl|RZaadb|4273
gnl|RZaadb|4274|WP_016736206.1	WP_016736206.1	gnl|RZaadb|4274
gnl|RZaadb|4275|WP_016736207.1	WP_016736207.1	gnl|RZaadb|4275
gnl|RZaadb|4281|WP_016736213.1	WP_016736213.1	gnl|RZaadb|4281
gnl|RZaadb|4282|WP_016736214.1	WP_016736214.1	gnl|RZaadb|4282
gnl|RZaadb|4283|WP_016736215.1	WP_016736215.1	gnl|RZaadb|4283
gnl|RZaadb|4284|WP_016736216.1	WP_016736216.1	gnl|RZaadb|4284
gnl|RZaadb|4286|WP_016736218.1	WP_016736218.1	gnl|RZaadb|4286
gnl|RZaadb|4287|WP_016736219.1	WP_016736219.1	gnl|RZaadb|4287
gnl|RZaadb|4289|WP_016736221.1	WP_016736221.1	gnl|RZaadb|4289
gnl|RZaadb|4291|WP_016736226.1	WP_016736226.1	gnl|RZaadb|4291
gnl|RZaadb|4295|WP_016736232.1	WP_016736232.1	gnl|RZaadb|4295
gnl|RZaadb|4297|WP_016736237.1	WP_016736237.1	gnl|RZaadb|4297
gnl|RZaadb|4299|WP_016736242.1	WP_016736242.1	gnl|RZaadb|4299
gnl|RZaadb|42|WP_003573787.1	WP_003573787.1	gnl|RZaadb|42
gnl|RZaadb|4302|WP_016736249.1	WP_016736249.1	gnl|RZaadb|4302
gnl|RZaadb|4303|WP_016736251.1	WP_016736251.1	gnl|RZaadb|4303
gnl|RZaadb|4306|WP_016736254.1	WP_016736254.1	gnl|RZaadb|4306
gnl|RZaadb|4315|WP_016736263.1	WP_016736263.1	gnl|RZaadb|4315
gnl|RZaadb|4321|WP_016736272.1	WP_016736272.1	gnl|RZaadb|4321
gnl|RZaadb|4322|WP_016736273.1	WP_016736273.1	gnl|RZaadb|4322
gnl|RZaadb|4329|WP_016736280.1	WP_016736280.1	gnl|RZaadb|4329
gnl|RZaadb|4331|WP_016736282.1	WP_016736282.1	gnl|RZaadb|4331
gnl|RZaadb|4332|WP_016736284.1	WP_016736284.1	gnl|RZaadb|4332
gnl|RZaadb|4334|WP_016736286.1	WP_016736286.1	gnl|RZaadb|4334
gnl|RZaadb|4338|WP_016736291.1	WP_016736291.1	gnl|RZaadb|4338
gnl|RZaadb|4340|WP_016736293.1	WP_016736293.1	gnl|RZaadb|4340
gnl|RZaadb|4344|WP_016736297.1	WP_016736297.1	gnl|RZaadb|4344
gnl|RZaadb|4352|WP_016736307.1	WP_016736307.1	gnl|RZaadb|4352
gnl|RZaadb|4354|WP_016736309.1	WP_016736309.1	gnl|RZaadb|4354
gnl|RZaadb|4361|WP_016736318.1	WP_016736318.1	gnl|RZaadb|4361
gnl|RZaadb|4362|WP_016736319.1	WP_016736319.1	gnl|RZaadb|4362
gnl|RZaadb|4366|WP_016736326.1	WP_016736326.1	gnl|RZaadb|4366
gnl|RZaadb|4368|WP_016736328.1	WP_016736328.1	gnl|RZaadb|4368
gnl|RZaadb|4369|WP_016736329.1	WP_016736329.1	gnl|RZaadb|4369
gnl|RZaadb|4372|WP_016736334.1	WP_016736334.1	gnl|RZaadb|4372
gnl|RZaadb|4374|WP_016736337.1	WP_016736337.1	gnl|RZaadb|4374
gnl|RZaadb|4375|WP_016736338.1	WP_016736338.1	gnl|RZaadb|4375
gnl|RZaadb|4378|WP_016736341.1	WP_016736341.1	gnl|RZaadb|4378
gnl|RZaadb|4389|WP_016736353.1	WP_016736353.1	gnl|RZaadb|4389
gnl|RZaadb|4394|WP_016736360.1	WP_016736360.1	gnl|RZaadb|4394
gnl|RZaadb|4395|WP_016736361.1	WP_016736361.1	gnl|RZaadb|4395
gnl|RZaadb|43|WP_003573790.1	WP_003573790.1	gnl|RZaadb|43
gnl|RZaadb|4400|WP_016736366.1	WP_016736366.1	gnl|RZaadb|4400
gnl|RZaadb|4402|WP_016736368.1	WP_016736368.1	gnl|RZaadb|4402
gnl|RZaadb|4404|WP_016736373.1	WP_016736373.1	gnl|RZaadb|4404
gnl|RZaadb|4406|WP_016736375.1	WP_016736375.1	gnl|RZaadb|4406
gnl|RZaadb|4408|WP_016736377.1	WP_016736377.1	gnl|RZaadb|4408
gnl|RZaadb|440|WP_004676172.1	WP_004676172.1	gnl|RZaadb|440
gnl|RZaadb|4410|WP_016736380.1	WP_016736380.1	gnl|RZaadb|4410
gnl|RZaadb|4413|WP_016736383.1	WP_016736383.1	gnl|RZaadb|4413
gnl|RZaadb|4414|WP_016736384.1	WP_016736384.1	gnl|RZaadb|4414
gnl|RZaadb|4415|WP_016736385.1	WP_016736385.1	gnl|RZaadb|4415
gnl|RZaadb|441|WP_004676182.1	WP_004676182.1	gnl|RZaadb|441
gnl|RZaadb|4420|WP_016736392.1	WP_016736392.1	gnl|RZaadb|4420
gnl|RZaadb|4421|WP_016736393.1	WP_016736393.1	gnl|RZaadb|4421
gnl|RZaadb|4427|WP_016736401.1	WP_016736401.1	gnl|RZaadb|4427
gnl|RZaadb|442|WP_004676185.1	WP_004676185.1	gnl|RZaadb|442
gnl|RZaadb|4433|WP_016736414.1	WP_016736414.1	gnl|RZaadb|4433
gnl|RZaadb|443|WP_004676193.1	WP_004676193.1	gnl|RZaadb|443
gnl|RZaadb|4447|WP_016736433.1	WP_016736433.1	gnl|RZaadb|4447
gnl|RZaadb|4456|WP_016736446.1	WP_016736446.1	gnl|RZaadb|4456
gnl|RZaadb|4457|WP_016736448.1	WP_016736448.1	gnl|RZaadb|4457
gnl|RZaadb|4458|WP_016736449.1	WP_016736449.1	gnl|RZaadb|4458
gnl|RZaadb|4459|WP_016736450.1	WP_016736450.1	gnl|RZaadb|4459
gnl|RZaadb|445|WP_004676212.1	WP_004676212.1	gnl|RZaadb|445
gnl|RZaadb|4463|WP_016736456.1	WP_016736456.1	gnl|RZaadb|4463
gnl|RZaadb|4465|WP_016736458.1	WP_016736458.1	gnl|RZaadb|4465
gnl|RZaadb|4471|WP_016736469.1	WP_016736469.1	gnl|RZaadb|4471
gnl|RZaadb|4473|WP_016736472.1	WP_016736472.1	gnl|RZaadb|4473
gnl|RZaadb|4479|WP_016736480.1	WP_016736480.1	gnl|RZaadb|4479
gnl|RZaadb|4482|WP_016736484.1	WP_016736484.1	gnl|RZaadb|4482
gnl|RZaadb|4487|WP_016736489.1	WP_016736489.1	gnl|RZaadb|4487
gnl|RZaadb|4488|WP_016736490.1	WP_016736490.1	gnl|RZaadb|4488
gnl|RZaadb|4489|WP_016736491.1	WP_016736491.1	gnl|RZaadb|4489
gnl|RZaadb|4492|WP_016736497.1	WP_016736497.1	gnl|RZaadb|4492
gnl|RZaadb|449|WP_004676256.1	WP_004676256.1	gnl|RZaadb|449
gnl|RZaadb|44|WP_003573792.1	WP_003573792.1	gnl|RZaadb|44
gnl|RZaadb|4501|WP_016736508.1	WP_016736508.1	gnl|RZaadb|4501
gnl|RZaadb|4502|WP_016736510.1	WP_016736510.1	gnl|RZaadb|4502
gnl|RZaadb|4511|WP_016736523.1	WP_016736523.1	gnl|RZaadb|4511
gnl|RZaadb|4528|WP_016736544.1	WP_016736544.1	gnl|RZaadb|4528
gnl|RZaadb|4532|WP_016736548.1	WP_016736548.1	gnl|RZaadb|4532
gnl|RZaadb|4535|WP_016736552.1	WP_016736552.1	gnl|RZaadb|4535
gnl|RZaadb|4541|WP_016736558.1	WP_016736558.1	gnl|RZaadb|4541
gnl|RZaadb|4550|WP_016736571.1	WP_016736571.1	gnl|RZaadb|4550
gnl|RZaadb|4558|WP_016736584.1	WP_016736584.1	gnl|RZaadb|4558
gnl|RZaadb|4583|WP_016736614.1	WP_016736614.1	gnl|RZaadb|4583
gnl|RZaadb|4584|WP_016736615.1	WP_016736615.1	gnl|RZaadb|4584
gnl|RZaadb|4585|WP_016736616.1	WP_016736616.1	gnl|RZaadb|4585
gnl|RZaadb|4590|WP_016736621.1	WP_016736621.1	gnl|RZaadb|4590
gnl|RZaadb|45|WP_003573793.1	WP_003573793.1	gnl|RZaadb|45
gnl|RZaadb|4615|WP_016736650.1	WP_016736650.1	gnl|RZaadb|4615
gnl|RZaadb|4616|WP_016736653.1	WP_016736653.1	gnl|RZaadb|4616
gnl|RZaadb|4617|WP_016736654.1	WP_016736654.1	gnl|RZaadb|4617
gnl|RZaadb|4619|WP_016736656.1	WP_016736656.1	gnl|RZaadb|4619
gnl|RZaadb|461|WP_004676719.1	WP_004676719.1	gnl|RZaadb|461
gnl|RZaadb|4620|WP_016736657.1	WP_016736657.1	gnl|RZaadb|4620
gnl|RZaadb|4621|WP_016736658.1	WP_016736658.1	gnl|RZaadb|4621
gnl|RZaadb|4622|WP_016736659.1	WP_016736659.1	gnl|RZaadb|4622
gnl|RZaadb|4624|WP_016736661.1	WP_016736661.1	gnl|RZaadb|4624
gnl|RZaadb|4625|WP_016736662.1	WP_016736662.1	gnl|RZaadb|4625
gnl|RZaadb|4626|WP_016736663.1	WP_016736663.1	gnl|RZaadb|4626
gnl|RZaadb|462|WP_004676724.1	WP_004676724.1	gnl|RZaadb|462
gnl|RZaadb|4637|WP_016736678.1	WP_016736678.1	gnl|RZaadb|4637
gnl|RZaadb|4655|WP_016736701.1	WP_016736701.1	gnl|RZaadb|4655
gnl|RZaadb|4657|WP_016736703.1	WP_016736703.1	gnl|RZaadb|4657
gnl|RZaadb|4662|WP_016736708.1	WP_016736708.1	gnl|RZaadb|4662
gnl|RZaadb|4665|WP_016736711.1	WP_016736711.1	gnl|RZaadb|4665
gnl|RZaadb|4667|WP_016736713.1	WP_016736713.1	gnl|RZaadb|4667
gnl|RZaadb|4668|WP_016736714.1	WP_016736714.1	gnl|RZaadb|4668
gnl|RZaadb|466|WP_004676875.1	WP_004676875.1	gnl|RZaadb|466
gnl|RZaadb|4680|WP_016736729.1	WP_016736729.1	gnl|RZaadb|4680
gnl|RZaadb|4681|WP_016736730.1	WP_016736730.1	gnl|RZaadb|4681
gnl|RZaadb|4687|WP_016736741.1	WP_016736741.1	gnl|RZaadb|4687
gnl|RZaadb|4691|WP_016736745.1	WP_016736745.1	gnl|RZaadb|4691
gnl|RZaadb|46|WP_003573797.1	WP_003573797.1	gnl|RZaadb|46
gnl|RZaadb|4704|WP_016736761.1	WP_016736761.1	gnl|RZaadb|4704
gnl|RZaadb|4713|WP_016736774.1	WP_016736774.1	gnl|RZaadb|4713
gnl|RZaadb|4714|WP_016736775.1	WP_016736775.1	gnl|RZaadb|4714
gnl|RZaadb|4716|WP_016736778.1	WP_016736778.1	gnl|RZaadb|4716
gnl|RZaadb|472|WP_004677031.1	WP_004677031.1	gnl|RZaadb|472
gnl|RZaadb|4733|WP_016736797.1	WP_016736797.1	gnl|RZaadb|4733
gnl|RZaadb|4743|WP_016736815.1	WP_016736815.1	gnl|RZaadb|4743
gnl|RZaadb|474|WP_004677057.1	WP_004677057.1	gnl|RZaadb|474
gnl|RZaadb|4760|WP_016736835.1	WP_016736835.1	gnl|RZaadb|4760
gnl|RZaadb|4761|WP_016736836.1	WP_016736836.1	gnl|RZaadb|4761
gnl|RZaadb|4762|WP_016736837.1	WP_016736837.1	gnl|RZaadb|4762
gnl|RZaadb|4763|WP_016736838.1	WP_016736838.1	gnl|RZaadb|4763
gnl|RZaadb|4764|WP_016736839.1	WP_016736839.1	gnl|RZaadb|4764
gnl|RZaadb|4784|WP_016736869.1	WP_016736869.1	gnl|RZaadb|4784
gnl|RZaadb|4796|WP_016736883.1	WP_016736883.1	gnl|RZaadb|4796
gnl|RZaadb|479|WP_004677184.1	WP_004677184.1	gnl|RZaadb|479
gnl|RZaadb|4813|WP_016736902.1	WP_016736902.1	gnl|RZaadb|4813
gnl|RZaadb|481|WP_004677216.1	WP_004677216.1	gnl|RZaadb|481
gnl|RZaadb|4820|WP_016736911.1	WP_016736911.1	gnl|RZaadb|4820
gnl|RZaadb|4823|WP_016736917.1	WP_016736917.1	gnl|RZaadb|4823
gnl|RZaadb|4828|WP_016736922.1	WP_016736922.1	gnl|RZaadb|4828
gnl|RZaadb|482|WP_004677232.1	WP_004677232.1	gnl|RZaadb|482
gnl|RZaadb|483|WP_004677233.1	WP_004677233.1	gnl|RZaadb|483
gnl|RZaadb|4841|WP_016736935.1	WP_016736935.1	gnl|RZaadb|4841
gnl|RZaadb|4842|WP_016736936.1	WP_016736936.1	gnl|RZaadb|4842
gnl|RZaadb|4843|WP_016736937.1	WP_016736937.1	gnl|RZaadb|4843
gnl|RZaadb|4853|WP_016736951.1	WP_016736951.1	gnl|RZaadb|4853
gnl|RZaadb|4860|WP_016736960.1	WP_016736960.1	gnl|RZaadb|4860
gnl|RZaadb|4867|WP_016736968.1	WP_016736968.1	gnl|RZaadb|4867
gnl|RZaadb|4868|WP_016736969.1	WP_016736969.1	gnl|RZaadb|4868
gnl|RZaadb|4869|WP_016736970.1	WP_016736970.1	gnl|RZaadb|4869
gnl|RZaadb|4872|WP_016736973.1	WP_016736973.1	gnl|RZaadb|4872
gnl|RZaadb|4879|WP_016736981.1	WP_016736981.1	gnl|RZaadb|4879
gnl|RZaadb|4892|WP_016736994.1	WP_016736994.1	gnl|RZaadb|4892
gnl|RZaadb|4893|WP_016736995.1	WP_016736995.1	gnl|RZaadb|4893
gnl|RZaadb|4895|WP_016736998.1	WP_016736998.1	gnl|RZaadb|4895
gnl|RZaadb|4896|WP_016736999.1	WP_016736999.1	gnl|RZaadb|4896
gnl|RZaadb|48|WP_003573944.1	WP_003573944.1	gnl|RZaadb|48
gnl|RZaadb|4919|WP_016737024.1	WP_016737024.1	gnl|RZaadb|4919
gnl|RZaadb|491|WP_004677360.1	WP_004677360.1	gnl|RZaadb|491
gnl|RZaadb|4926|WP_016737032.1	WP_016737032.1	gnl|RZaadb|4926
gnl|RZaadb|4928|WP_016737036.1	WP_016737036.1	gnl|RZaadb|4928
gnl|RZaadb|4935|WP_016737044.1	WP_016737044.1	gnl|RZaadb|4935
gnl|RZaadb|4937|WP_016737046.1	WP_016737046.1	gnl|RZaadb|4937
gnl|RZaadb|4947|WP_016737061.1	WP_016737061.1	gnl|RZaadb|4947
gnl|RZaadb|4959|WP_016737077.1	WP_016737077.1	gnl|RZaadb|4959
gnl|RZaadb|4964|WP_016737084.1	WP_016737084.1	gnl|RZaadb|4964
gnl|RZaadb|4983|WP_016737109.1	WP_016737109.1	gnl|RZaadb|4983
gnl|RZaadb|4998|WP_016737126.1	WP_016737126.1	gnl|RZaadb|4998
gnl|RZaadb|49|WP_003574261.1	WP_003574261.1	gnl|RZaadb|49
gnl|RZaadb|4|WP_003540801.1	WP_003540801.1	gnl|RZaadb|4
gnl|RZaadb|5013|WP_016737143.1	WP_016737143.1	gnl|RZaadb|5013
gnl|RZaadb|5022|WP_016737156.1	WP_016737156.1	gnl|RZaadb|5022
gnl|RZaadb|5025|WP_016737160.1	WP_016737160.1	gnl|RZaadb|5025
gnl|RZaadb|5029|WP_016737164.1	WP_016737164.1	gnl|RZaadb|5029
gnl|RZaadb|5036|WP_016737173.1	WP_016737173.1	gnl|RZaadb|5036
gnl|RZaadb|5046|WP_016737185.1	WP_016737185.1	gnl|RZaadb|5046
gnl|RZaadb|5047|WP_016737188.1	WP_016737188.1	gnl|RZaadb|5047
gnl|RZaadb|5051|WP_016737194.1	WP_016737194.1	gnl|RZaadb|5051
gnl|RZaadb|505|WP_004677699.1	WP_004677699.1	gnl|RZaadb|505
gnl|RZaadb|5062|WP_016737206.1	WP_016737206.1	gnl|RZaadb|5062
gnl|RZaadb|5065|WP_016737209.1	WP_016737209.1	gnl|RZaadb|5065
gnl|RZaadb|5071|WP_016737217.1	WP_016737217.1	gnl|RZaadb|5071
gnl|RZaadb|5072|WP_016737218.1	WP_016737218.1	gnl|RZaadb|5072
gnl|RZaadb|5074|WP_016737220.1	WP_016737220.1	gnl|RZaadb|5074
gnl|RZaadb|5078|WP_016737226.1	WP_016737226.1	gnl|RZaadb|5078
gnl|RZaadb|5079|WP_016737227.1	WP_016737227.1	gnl|RZaadb|5079
gnl|RZaadb|5080|WP_016737228.1	WP_016737228.1	gnl|RZaadb|5080
gnl|RZaadb|5085|WP_016737236.1	WP_016737236.1	gnl|RZaadb|5085
gnl|RZaadb|5086|WP_016737238.1	WP_016737238.1	gnl|RZaadb|5086
gnl|RZaadb|5087|WP_016737239.1	WP_016737239.1	gnl|RZaadb|5087
gnl|RZaadb|5098|WP_016737257.1	WP_016737257.1	gnl|RZaadb|5098
gnl|RZaadb|50|WP_003578670.1	WP_003578670.1	gnl|RZaadb|50
gnl|RZaadb|5100|WP_016737260.1	WP_016737260.1	gnl|RZaadb|5100
gnl|RZaadb|5107|WP_016737270.1	WP_016737270.1	gnl|RZaadb|5107
gnl|RZaadb|5114|WP_016737281.1	WP_016737281.1	gnl|RZaadb|5114
gnl|RZaadb|5118|WP_016737286.1	WP_016737286.1	gnl|RZaadb|5118
gnl|RZaadb|5125|WP_016737293.1	WP_016737293.1	gnl|RZaadb|5125
gnl|RZaadb|5126|WP_016737294.1	WP_016737294.1	gnl|RZaadb|5126
gnl|RZaadb|5128|WP_016737298.1	WP_016737298.1	gnl|RZaadb|5128
gnl|RZaadb|5131|WP_016737301.1	WP_016737301.1	gnl|RZaadb|5131
gnl|RZaadb|5132|WP_016737302.1	WP_016737302.1	gnl|RZaadb|5132
gnl|RZaadb|5133|WP_016737303.1	WP_016737303.1	gnl|RZaadb|5133
gnl|RZaadb|5135|WP_016737306.1	WP_016737306.1	gnl|RZaadb|5135
gnl|RZaadb|5136|WP_016737308.1	WP_016737308.1	gnl|RZaadb|5136
gnl|RZaadb|5138|WP_016737310.1	WP_016737310.1	gnl|RZaadb|5138
gnl|RZaadb|5144|WP_016737317.1	WP_016737317.1	gnl|RZaadb|5144
gnl|RZaadb|5154|WP_016737329.1	WP_016737329.1	gnl|RZaadb|5154
gnl|RZaadb|5155|WP_016737330.1	WP_016737330.1	gnl|RZaadb|5155
gnl|RZaadb|5156|WP_016737331.1	WP_016737331.1	gnl|RZaadb|5156
gnl|RZaadb|5157|WP_016737332.1	WP_016737332.1	gnl|RZaadb|5157
gnl|RZaadb|5158|WP_016737333.1	WP_016737333.1	gnl|RZaadb|5158
gnl|RZaadb|5159|WP_016737335.1	WP_016737335.1	gnl|RZaadb|5159
gnl|RZaadb|515|WP_004677801.1	WP_004677801.1	gnl|RZaadb|515
gnl|RZaadb|5177|WP_016737368.1	WP_016737368.1	gnl|RZaadb|5177
gnl|RZaadb|5188|WP_016737390.1	WP_016737390.1	gnl|RZaadb|5188
gnl|RZaadb|5201|WP_016737424.1	WP_016737424.1	gnl|RZaadb|5201
gnl|RZaadb|5204|WP_016737428.1	WP_016737428.1	gnl|RZaadb|5204
gnl|RZaadb|5207|WP_016737431.1	WP_016737431.1	gnl|RZaadb|5207
gnl|RZaadb|5209|WP_016737433.1	WP_016737433.1	gnl|RZaadb|5209
gnl|RZaadb|5229|WP_016737468.1	WP_016737468.1	gnl|RZaadb|5229
gnl|RZaadb|522|WP_004678022.1	WP_004678022.1	gnl|RZaadb|522
gnl|RZaadb|5243|WP_016737510.1	WP_016737510.1	gnl|RZaadb|5243
gnl|RZaadb|5249|WP_016737517.1	WP_016737517.1	gnl|RZaadb|5249
gnl|RZaadb|524|WP_004678031.1	WP_004678031.1	gnl|RZaadb|524
gnl|RZaadb|5254|WP_016737522.1	WP_016737522.1	gnl|RZaadb|5254
gnl|RZaadb|5255|WP_016737523.1	WP_016737523.1	gnl|RZaadb|5255
gnl|RZaadb|5256|WP_016737524.1	WP_016737524.1	gnl|RZaadb|5256
gnl|RZaadb|5257|WP_016737526.1	WP_016737526.1	gnl|RZaadb|5257
gnl|RZaadb|5260|WP_016737529.1	WP_016737529.1	gnl|RZaadb|5260
gnl|RZaadb|5261|WP_016737530.1	WP_016737530.1	gnl|RZaadb|5261
gnl|RZaadb|5264|WP_016737537.1	WP_016737537.1	gnl|RZaadb|5264
gnl|RZaadb|5279|WP_020465354.1	WP_020465354.1	gnl|RZaadb|5279
gnl|RZaadb|5280|WP_020465358.1	WP_020465358.1	gnl|RZaadb|5280
gnl|RZaadb|528|WP_004678102.1	WP_004678102.1	gnl|RZaadb|528
gnl|RZaadb|52|WP_003579912.1	WP_003579912.1	gnl|RZaadb|52
gnl|RZaadb|5300|WP_020922610.1	WP_020922610.1	gnl|RZaadb|5300
gnl|RZaadb|5302|WP_026188837.1	WP_026188837.1	gnl|RZaadb|5302
gnl|RZaadb|5306|WP_029531119.1	WP_029531119.1	gnl|RZaadb|5306
gnl|RZaadb|5309|WP_029531140.1	WP_029531140.1	gnl|RZaadb|5309
gnl|RZaadb|530|WP_004678111.1	WP_004678111.1	gnl|RZaadb|530
gnl|RZaadb|5315|WP_029531157.1	WP_029531157.1	gnl|RZaadb|5315
gnl|RZaadb|5318|WP_029531170.1	WP_029531170.1	gnl|RZaadb|5318
gnl|RZaadb|5320|WP_029531186.1	WP_029531186.1	gnl|RZaadb|5320
gnl|RZaadb|5323|WP_029531195.1	WP_029531195.1	gnl|RZaadb|5323
gnl|RZaadb|5328|WP_029531210.1	WP_029531210.1	gnl|RZaadb|5328
gnl|RZaadb|5329|WP_029531211.1	WP_029531211.1	gnl|RZaadb|5329
gnl|RZaadb|532|WP_004678124.1	WP_004678124.1	gnl|RZaadb|532
gnl|RZaadb|5334|WP_029531233.1	WP_029531233.1	gnl|RZaadb|5334
gnl|RZaadb|5335|WP_029531236.1	WP_029531236.1	gnl|RZaadb|5335
gnl|RZaadb|5337|WP_029531238.1	WP_029531238.1	gnl|RZaadb|5337
gnl|RZaadb|5338|WP_029531255.1	WP_029531255.1	gnl|RZaadb|5338
gnl|RZaadb|5339|WP_029531256.1	WP_029531256.1	gnl|RZaadb|5339
gnl|RZaadb|533|WP_004678125.1	WP_004678125.1	gnl|RZaadb|533
gnl|RZaadb|5341|WP_029531262.1	WP_029531262.1	gnl|RZaadb|5341
gnl|RZaadb|5346|WP_029531281.1	WP_029531281.1	gnl|RZaadb|5346
gnl|RZaadb|5349|WP_029531287.1	WP_029531287.1	gnl|RZaadb|5349
gnl|RZaadb|534|WP_004678127.1	WP_004678127.1	gnl|RZaadb|534
gnl|RZaadb|5353|WP_029531319.1	WP_029531319.1	gnl|RZaadb|5353
gnl|RZaadb|5354|WP_029531326.1	WP_029531326.1	gnl|RZaadb|5354
gnl|RZaadb|535|WP_004678129.1	WP_004678129.1	gnl|RZaadb|535
gnl|RZaadb|5366|WP_029531360.1	WP_029531360.1	gnl|RZaadb|5366
gnl|RZaadb|5373|WP_029531389.1	WP_029531389.1	gnl|RZaadb|5373
gnl|RZaadb|5375|WP_029531394.1	WP_029531394.1	gnl|RZaadb|5375
gnl|RZaadb|5377|WP_029531397.1	WP_029531397.1	gnl|RZaadb|5377
gnl|RZaadb|5380|WP_029531404.1	WP_029531404.1	gnl|RZaadb|5380
gnl|RZaadb|5384|WP_029531410.1	WP_029531410.1	gnl|RZaadb|5384
gnl|RZaadb|5388|WP_029531421.1	WP_029531421.1	gnl|RZaadb|5388
gnl|RZaadb|5394|WP_029531436.1	WP_029531436.1	gnl|RZaadb|5394
gnl|RZaadb|5395|WP_029531438.1	WP_029531438.1	gnl|RZaadb|5395
gnl|RZaadb|5397|WP_029531449.1	WP_029531449.1	gnl|RZaadb|5397
gnl|RZaadb|5398|WP_029531450.1	WP_029531450.1	gnl|RZaadb|5398
gnl|RZaadb|53|WP_003582204.1	WP_003582204.1	gnl|RZaadb|53
gnl|RZaadb|5404|WP_029531463.1	WP_029531463.1	gnl|RZaadb|5404
gnl|RZaadb|5412|WP_029531483.1	WP_029531483.1	gnl|RZaadb|5412
gnl|RZaadb|5417|WP_029531489.1	WP_029531489.1	gnl|RZaadb|5417
gnl|RZaadb|5419|WP_029531492.1	WP_029531492.1	gnl|RZaadb|5419
gnl|RZaadb|541|WP_004678349.1	WP_004678349.1	gnl|RZaadb|541
gnl|RZaadb|5423|WP_029531497.1	WP_029531497.1	gnl|RZaadb|5423
gnl|RZaadb|5426|WP_029531504.1	WP_029531504.1	gnl|RZaadb|5426
gnl|RZaadb|5428|WP_029531506.1	WP_029531506.1	gnl|RZaadb|5428
gnl|RZaadb|5432|WP_029531511.1	WP_029531511.1	gnl|RZaadb|5432
gnl|RZaadb|5434|WP_029531513.1	WP_029531513.1	gnl|RZaadb|5434
gnl|RZaadb|5437|WP_029531517.1	WP_029531517.1	gnl|RZaadb|5437
gnl|RZaadb|5441|WP_029531528.1	WP_029531528.1	gnl|RZaadb|5441
gnl|RZaadb|5442|WP_029531529.1	WP_029531529.1	gnl|RZaadb|5442
gnl|RZaadb|5448|WP_029531536.1	WP_029531536.1	gnl|RZaadb|5448
gnl|RZaadb|544|WP_004678370.1	WP_004678370.1	gnl|RZaadb|544
gnl|RZaadb|5452|WP_029531542.1	WP_029531542.1	gnl|RZaadb|5452
gnl|RZaadb|5453|WP_029531544.1	WP_029531544.1	gnl|RZaadb|5453
gnl|RZaadb|5456|WP_029531547.1	WP_029531547.1	gnl|RZaadb|5456
gnl|RZaadb|5458|WP_029531549.1	WP_029531549.1	gnl|RZaadb|5458
gnl|RZaadb|545|WP_004678404.1	WP_004678404.1	gnl|RZaadb|545
gnl|RZaadb|5460|WP_029531551.1	WP_029531551.1	gnl|RZaadb|5460
gnl|RZaadb|5466|WP_029531563.1	WP_029531563.1	gnl|RZaadb|5466
gnl|RZaadb|5469|WP_029531566.1	WP_029531566.1	gnl|RZaadb|5469
gnl|RZaadb|546|WP_004678436.1	WP_004678436.1	gnl|RZaadb|546
gnl|RZaadb|5470|WP_029531567.1	WP_029531567.1	gnl|RZaadb|5470
gnl|RZaadb|5485|WP_029531592.1	WP_029531592.1	gnl|RZaadb|5485
gnl|RZaadb|548|WP_004678499.1	WP_004678499.1	gnl|RZaadb|548
gnl|RZaadb|5496|WP_029531608.1	WP_029531608.1	gnl|RZaadb|5496
gnl|RZaadb|5500|WP_029531613.1	WP_029531613.1	gnl|RZaadb|5500
gnl|RZaadb|5501|WP_029531614.1	WP_029531614.1	gnl|RZaadb|5501
gnl|RZaadb|5503|WP_029531616.1	WP_029531616.1	gnl|RZaadb|5503
gnl|RZaadb|5504|WP_029531617.1	WP_029531617.1	gnl|RZaadb|5504
gnl|RZaadb|5507|WP_029531621.1	WP_029531621.1	gnl|RZaadb|5507
gnl|RZaadb|5508|WP_029531622.1	WP_029531622.1	gnl|RZaadb|5508
gnl|RZaadb|5512|WP_029531626.1	WP_029531626.1	gnl|RZaadb|5512
gnl|RZaadb|5517|WP_029531633.1	WP_029531633.1	gnl|RZaadb|5517
gnl|RZaadb|551|WP_004678523.1	WP_004678523.1	gnl|RZaadb|551
gnl|RZaadb|5534|WP_029531655.1	WP_029531655.1	gnl|RZaadb|5534
gnl|RZaadb|5537|WP_029531658.1	WP_029531658.1	gnl|RZaadb|5537
gnl|RZaadb|5538|WP_029531659.1	WP_029531659.1	gnl|RZaadb|5538
gnl|RZaadb|5539|WP_029531660.1	WP_029531660.1	gnl|RZaadb|5539
gnl|RZaadb|5554|WP_029531678.1	WP_029531678.1	gnl|RZaadb|5554
gnl|RZaadb|5557|WP_029531681.1	WP_029531681.1	gnl|RZaadb|5557
gnl|RZaadb|5564|WP_029531690.1	WP_029531690.1	gnl|RZaadb|5564
gnl|RZaadb|557|WP_004678616.1	WP_004678616.1	gnl|RZaadb|557
gnl|RZaadb|5581|WP_029531711.1	WP_029531711.1	gnl|RZaadb|5581
gnl|RZaadb|5582|WP_029531712.1	WP_029531712.1	gnl|RZaadb|5582
gnl|RZaadb|5584|WP_029531715.1	WP_029531715.1	gnl|RZaadb|5584
gnl|RZaadb|558|WP_004678618.1	WP_004678618.1	gnl|RZaadb|558
gnl|RZaadb|5590|WP_029531726.1	WP_029531726.1	gnl|RZaadb|5590
gnl|RZaadb|559|WP_004678630.1	WP_004678630.1	gnl|RZaadb|559
gnl|RZaadb|5608|WP_029531759.1	WP_029531759.1	gnl|RZaadb|5608
gnl|RZaadb|560|WP_004678636.1	WP_004678636.1	gnl|RZaadb|560
gnl|RZaadb|561|WP_004678645.1	WP_004678645.1	gnl|RZaadb|561
gnl|RZaadb|5630|WP_029531790.1	WP_029531790.1	gnl|RZaadb|5630
gnl|RZaadb|563|WP_004678734.1	WP_004678734.1	gnl|RZaadb|563
gnl|RZaadb|5641|WP_029531806.1	WP_029531806.1	gnl|RZaadb|5641
gnl|RZaadb|5668|WP_029531854.1	WP_029531854.1	gnl|RZaadb|5668
gnl|RZaadb|5672|WP_029531859.1	WP_029531859.1	gnl|RZaadb|5672
gnl|RZaadb|5674|WP_029531862.1	WP_029531862.1	gnl|RZaadb|5674
gnl|RZaadb|5676|WP_029531866.1	WP_029531866.1	gnl|RZaadb|5676
gnl|RZaadb|5680|WP_029531871.1	WP_029531871.1	gnl|RZaadb|5680
gnl|RZaadb|5681|WP_029531872.1	WP_029531872.1	gnl|RZaadb|5681
gnl|RZaadb|5683|WP_029531875.1	WP_029531875.1	gnl|RZaadb|5683
gnl|RZaadb|5686|WP_029531879.1	WP_029531879.1	gnl|RZaadb|5686
gnl|RZaadb|5687|WP_029531880.1	WP_029531880.1	gnl|RZaadb|5687
gnl|RZaadb|5698|WP_029531896.1	WP_029531896.1	gnl|RZaadb|5698
gnl|RZaadb|5699|WP_029531897.1	WP_029531897.1	gnl|RZaadb|5699
gnl|RZaadb|56|WP_003587245.1	WP_003587245.1	gnl|RZaadb|56
gnl|RZaadb|5701|WP_029531901.1	WP_029531901.1	gnl|RZaadb|5701
gnl|RZaadb|5704|WP_029531907.1	WP_029531907.1	gnl|RZaadb|5704
gnl|RZaadb|5707|WP_029531919.1	WP_029531919.1	gnl|RZaadb|5707
gnl|RZaadb|5709|WP_029531923.1	WP_029531923.1	gnl|RZaadb|5709
gnl|RZaadb|570|WP_004678834.1	WP_004678834.1	gnl|RZaadb|570
gnl|RZaadb|5713|WP_029531931.1	WP_029531931.1	gnl|RZaadb|5713
gnl|RZaadb|5716|WP_029531942.1	WP_029531942.1	gnl|RZaadb|5716
gnl|RZaadb|5733|WP_029531995.1	WP_029531995.1	gnl|RZaadb|5733
gnl|RZaadb|5757|WP_029532064.1	WP_029532064.1	gnl|RZaadb|5757
gnl|RZaadb|5770|WP_029532121.1	WP_029532121.1	gnl|RZaadb|5770
gnl|RZaadb|5771|WP_029532123.1	WP_029532123.1	gnl|RZaadb|5771
gnl|RZaadb|5774|WP_029532129.1	WP_029532129.1	gnl|RZaadb|5774
gnl|RZaadb|5778|WP_029532139.1	WP_029532139.1	gnl|RZaadb|5778
gnl|RZaadb|5784|WP_029532158.1	WP_029532158.1	gnl|RZaadb|5784
gnl|RZaadb|5791|WP_029532203.1	WP_029532203.1	gnl|RZaadb|5791
gnl|RZaadb|5798|WP_029532226.1	WP_029532226.1	gnl|RZaadb|5798
gnl|RZaadb|5806|WP_029532244.1	WP_029532244.1	gnl|RZaadb|5806
gnl|RZaadb|5808|WP_029532253.1	WP_029532253.1	gnl|RZaadb|5808
gnl|RZaadb|580|WP_004679254.1	WP_004679254.1	gnl|RZaadb|580
gnl|RZaadb|5810|WP_029532259.1	WP_029532259.1	gnl|RZaadb|5810
gnl|RZaadb|5813|WP_029532324.1	WP_029532324.1	gnl|RZaadb|5813
gnl|RZaadb|581|WP_004679370.1	WP_004679370.1	gnl|RZaadb|581
gnl|RZaadb|5826|WP_029532487.1	WP_029532487.1	gnl|RZaadb|5826
gnl|RZaadb|5832|WP_037113092.1	WP_037113092.1	gnl|RZaadb|5832
gnl|RZaadb|5833|WP_037113567.1	WP_037113567.1	gnl|RZaadb|5833
gnl|RZaadb|5835|WP_037116131.1	WP_037116131.1	gnl|RZaadb|5835
gnl|RZaadb|5837|WP_037118110.1	WP_037118110.1	gnl|RZaadb|5837
gnl|RZaadb|5847|WP_038688280.1	WP_038688280.1	gnl|RZaadb|5847
gnl|RZaadb|5856|WP_039750705.1	WP_039750705.1	gnl|RZaadb|5856
gnl|RZaadb|5857|WP_039750722.1	WP_039750722.1	gnl|RZaadb|5857
gnl|RZaadb|5864|WP_039750947.1	WP_039750947.1	gnl|RZaadb|5864
gnl|RZaadb|5887|WP_039752023.1	WP_039752023.1	gnl|RZaadb|5887
gnl|RZaadb|588|WP_004679586.1	WP_004679586.1	gnl|RZaadb|588
gnl|RZaadb|5895|WP_039752199.1	WP_039752199.1	gnl|RZaadb|5895
gnl|RZaadb|5899|WP_039752217.1	WP_039752217.1	gnl|RZaadb|5899
gnl|RZaadb|5901|WP_039752254.1	WP_039752254.1	gnl|RZaadb|5901
gnl|RZaadb|5914|WP_046977045.1	WP_046977045.1	gnl|RZaadb|5914
gnl|RZaadb|5925|WP_046977057.1	WP_046977057.1	gnl|RZaadb|5925
gnl|RZaadb|5927|WP_046977059.1	WP_046977059.1	gnl|RZaadb|5927
gnl|RZaadb|5929|WP_046977061.1	WP_046977061.1	gnl|RZaadb|5929
gnl|RZaadb|592|WP_004679676.1	WP_004679676.1	gnl|RZaadb|592
gnl|RZaadb|5933|WP_046977072.1	WP_046977072.1	gnl|RZaadb|5933
gnl|RZaadb|5938|WP_046977078.1	WP_046977078.1	gnl|RZaadb|5938
gnl|RZaadb|5941|WP_046977081.1	WP_046977081.1	gnl|RZaadb|5941
gnl|RZaadb|5943|WP_046977083.1	WP_046977083.1	gnl|RZaadb|5943
gnl|RZaadb|5950|WP_046977094.1	WP_046977094.1	gnl|RZaadb|5950
gnl|RZaadb|5951|WP_046977095.1	WP_046977095.1	gnl|RZaadb|5951
gnl|RZaadb|5952|WP_046977097.1	WP_046977097.1	gnl|RZaadb|5952
gnl|RZaadb|5954|WP_046977101.1	WP_046977101.1	gnl|RZaadb|5954
gnl|RZaadb|5957|WP_046977107.1	WP_046977107.1	gnl|RZaadb|5957
gnl|RZaadb|595|WP_004679731.1	WP_004679731.1	gnl|RZaadb|595
gnl|RZaadb|5963|WP_046977113.1	WP_046977113.1	gnl|RZaadb|5963
gnl|RZaadb|596|WP_004679733.1	WP_004679733.1	gnl|RZaadb|596
gnl|RZaadb|5974|WP_046977126.1	WP_046977126.1	gnl|RZaadb|5974
gnl|RZaadb|5977|WP_046977133.1	WP_046977133.1	gnl|RZaadb|5977
gnl|RZaadb|5979|WP_046977138.1	WP_046977138.1	gnl|RZaadb|5979
gnl|RZaadb|5986|WP_046977145.1	WP_046977145.1	gnl|RZaadb|5986
gnl|RZaadb|5988|WP_046977150.1	WP_046977150.1	gnl|RZaadb|5988
gnl|RZaadb|5990|WP_046977152.1	WP_046977152.1	gnl|RZaadb|5990
gnl|RZaadb|6001|WP_046977163.1	WP_046977163.1	gnl|RZaadb|6001
gnl|RZaadb|6013|WP_046977180.1	WP_046977180.1	gnl|RZaadb|6013
gnl|RZaadb|603|WP_004679829.1	WP_004679829.1	gnl|RZaadb|603
gnl|RZaadb|6064|WP_046977251.1	WP_046977251.1	gnl|RZaadb|6064
gnl|RZaadb|6066|WP_046977253.1	WP_046977253.1	gnl|RZaadb|6066
gnl|RZaadb|606|WP_004679840.1	WP_004679840.1	gnl|RZaadb|606
gnl|RZaadb|6078|WP_077991295.1	WP_077991295.1	gnl|RZaadb|6078
gnl|RZaadb|6087|WP_080515661.1	WP_080515661.1	gnl|RZaadb|6087
gnl|RZaadb|6097|WP_080574763.1	WP_080574763.1	gnl|RZaadb|6097
gnl|RZaadb|609|WP_004680013.1	WP_004680013.1	gnl|RZaadb|609
gnl|RZaadb|6108|WP_080956136.1	WP_080956136.1	gnl|RZaadb|6108
gnl|RZaadb|6112|WP_080956140.1	WP_080956140.1	gnl|RZaadb|6112
gnl|RZaadb|6134|WP_080956162.1	WP_080956162.1	gnl|RZaadb|6134
gnl|RZaadb|618|WP_004680123.1	WP_004680123.1	gnl|RZaadb|618
gnl|RZaadb|619|WP_004680140.1	WP_004680140.1	gnl|RZaadb|619
gnl|RZaadb|624|WP_004680168.1	WP_004680168.1	gnl|RZaadb|624
gnl|RZaadb|625|WP_004680211.1	WP_004680211.1	gnl|RZaadb|625
gnl|RZaadb|626|WP_004680212.1	WP_004680212.1	gnl|RZaadb|626
gnl|RZaadb|627|WP_004680213.1	WP_004680213.1	gnl|RZaadb|627
gnl|RZaadb|631|WP_004680234.1	WP_004680234.1	gnl|RZaadb|631
gnl|RZaadb|642|WP_004680351.1	WP_004680351.1	gnl|RZaadb|642
gnl|RZaadb|645|WP_004680421.1	WP_004680421.1	gnl|RZaadb|645
gnl|RZaadb|646|WP_004680422.1	WP_004680422.1	gnl|RZaadb|646
gnl|RZaadb|655|WP_004680498.1	WP_004680498.1	gnl|RZaadb|655
gnl|RZaadb|656|WP_004680499.1	WP_004680499.1	gnl|RZaadb|656
gnl|RZaadb|657|WP_004680503.1	WP_004680503.1	gnl|RZaadb|657
gnl|RZaadb|658|WP_004680508.1	WP_004680508.1	gnl|RZaadb|658
gnl|RZaadb|660|WP_004680549.1	WP_004680549.1	gnl|RZaadb|660
gnl|RZaadb|668|WP_008521906.1	WP_008521906.1	gnl|RZaadb|668
gnl|RZaadb|669|WP_008521951.1	WP_008521951.1	gnl|RZaadb|669
gnl|RZaadb|66|WP_004668318.1	WP_004668318.1	gnl|RZaadb|66
gnl|RZaadb|673|WP_008525884.1	WP_008525884.1	gnl|RZaadb|673
gnl|RZaadb|674|WP_008526906.1	WP_008526906.1	gnl|RZaadb|674
gnl|RZaadb|675|WP_008528334.1	WP_008528334.1	gnl|RZaadb|675
gnl|RZaadb|676|WP_008528706.1	WP_008528706.1	gnl|RZaadb|676
gnl|RZaadb|69|WP_004668370.1	WP_004668370.1	gnl|RZaadb|69
gnl|RZaadb|70|WP_004668408.1	WP_004668408.1	gnl|RZaadb|70
gnl|RZaadb|71|WP_004668451.1	WP_004668451.1	gnl|RZaadb|71
gnl|RZaadb|728|WP_008536548.1	WP_008536548.1	gnl|RZaadb|728
gnl|RZaadb|729|WP_008536549.1	WP_008536549.1	gnl|RZaadb|729
gnl|RZaadb|733|WP_009986456.1	WP_009986456.1	gnl|RZaadb|733
gnl|RZaadb|742|WP_009994369.1	WP_009994369.1	gnl|RZaadb|742
gnl|RZaadb|745|WP_009995243.1	WP_009995243.1	gnl|RZaadb|745
gnl|RZaadb|755|WP_009998001.1	WP_009998001.1	gnl|RZaadb|755
gnl|RZaadb|764|WP_010002303.1	WP_010002303.1	gnl|RZaadb|764
gnl|RZaadb|772|WP_010004259.1	WP_010004259.1	gnl|RZaadb|772
gnl|RZaadb|779|WP_010005650.1	WP_010005650.1	gnl|RZaadb|779
gnl|RZaadb|77|WP_004668514.1	WP_004668514.1	gnl|RZaadb|77
gnl|RZaadb|780|WP_010005695.1	WP_010005695.1	gnl|RZaadb|780
gnl|RZaadb|781|WP_010005696.1	WP_010005696.1	gnl|RZaadb|781
gnl|RZaadb|78|WP_004668527.1	WP_004668527.1	gnl|RZaadb|78
gnl|RZaadb|792|WP_010007992.1	WP_010007992.1	gnl|RZaadb|792
gnl|RZaadb|79|WP_004668557.1	WP_004668557.1	gnl|RZaadb|79
gnl|RZaadb|7|WP_003543684.1	WP_003543684.1	gnl|RZaadb|7
gnl|RZaadb|804|WP_010009678.1	WP_010009678.1	gnl|RZaadb|804
gnl|RZaadb|809|WP_010010774.1	WP_010010774.1	gnl|RZaadb|809
gnl|RZaadb|815|WP_010014366.1	WP_010014366.1	gnl|RZaadb|815
gnl|RZaadb|819|WP_010014908.1	WP_010014908.1	gnl|RZaadb|819
gnl|RZaadb|838|WP_010017992.1	WP_010017992.1	gnl|RZaadb|838
gnl|RZaadb|839|WP_010018231.1	WP_010018231.1	gnl|RZaadb|839
gnl|RZaadb|840|WP_010018343.1	WP_010018343.1	gnl|RZaadb|840
gnl|RZaadb|841|WP_010018737.1	WP_010018737.1	gnl|RZaadb|841
gnl|RZaadb|851|WP_010020265.1	WP_010020265.1	gnl|RZaadb|851
gnl|RZaadb|858|WP_010021076.1	WP_010021076.1	gnl|RZaadb|858
gnl|RZaadb|860|WP_010021162.1	WP_010021162.1	gnl|RZaadb|860
gnl|RZaadb|861|WP_010021212.1	WP_010021212.1	gnl|RZaadb|861
gnl|RZaadb|866|WP_010021829.1	WP_010021829.1	gnl|RZaadb|866
gnl|RZaadb|869|WP_010022050.1	WP_010022050.1	gnl|RZaadb|869
gnl|RZaadb|878|WP_010022642.1	WP_010022642.1	gnl|RZaadb|878
gnl|RZaadb|883|WP_010023131.1	WP_010023131.1	gnl|RZaadb|883
gnl|RZaadb|890|WP_010023807.1	WP_010023807.1	gnl|RZaadb|890
gnl|RZaadb|900|WP_010024267.1	WP_010024267.1	gnl|RZaadb|900
gnl|RZaadb|905|WP_010024507.1	WP_010024507.1	gnl|RZaadb|905
gnl|RZaadb|915|WP_010024870.1	WP_010024870.1	gnl|RZaadb|915
gnl|RZaadb|916|WP_010024905.1	WP_010024905.1	gnl|RZaadb|916
gnl|RZaadb|919|WP_010024973.1	WP_010024973.1	gnl|RZaadb|919
gnl|RZaadb|921|WP_010025058.1	WP_010025058.1	gnl|RZaadb|921
gnl|RZaadb|924|WP_010025202.1	WP_010025202.1	gnl|RZaadb|924
gnl|RZaadb|930|WP_010025457.1	WP_010025457.1	gnl|RZaadb|930
gnl|RZaadb|941|WP_010025709.1	WP_010025709.1	gnl|RZaadb|941
gnl|RZaadb|942|WP_010025738.1	WP_010025738.1	gnl|RZaadb|942
gnl|RZaadb|947|WP_010031314.1	WP_010031314.1	gnl|RZaadb|947
gnl|RZaadb|949|WP_010032196.1	WP_010032196.1	gnl|RZaadb|949
gnl|RZaadb|950|WP_010034724.1	WP_010034724.1	gnl|RZaadb|950
gnl|RZaadb|954|WP_010058543.1	WP_010058543.1	gnl|RZaadb|954
gnl|RZaadb|957|WP_010061153.1	WP_010061153.1	gnl|RZaadb|957
gnl|RZaadb|961|WP_011053340.1	WP_011053340.1	gnl|RZaadb|961
gnl|RZaadb|969|WP_011053429.1	WP_011053429.1	gnl|RZaadb|969
gnl|RZaadb|970|WP_011053431.1	WP_011053431.1	gnl|RZaadb|970
gnl|RZaadb|97|WP_004668726.1	WP_004668726.1	gnl|RZaadb|97
gnl|RZaadb|995|WP_011424096.1	WP_011424096.1	gnl|RZaadb|995
gnl|RZaadb|9|WP_003543812.1	WP_003543812.1	gnl|RZaadb|9
