gnl|ECaadb|1002	gnl|RZaadb|5329
gnl|ECaadb|1004	gnl|RZaadb|1895
gnl|ECaadb|100	gnl|RZaadb|1673
gnl|ECaadb|1011	gnl|RZaadb|5309
gnl|ECaadb|1015	gnl|RZaadb|930
gnl|ECaadb|1020	gnl|RZaadb|5432
gnl|ECaadb|1021	gnl|RZaadb|70
gnl|ECaadb|1023	gnl|RZaadb|5810
gnl|ECaadb|1031	gnl|RZaadb|4615
gnl|ECaadb|1034	gnl|RZaadb|1178
gnl|ECaadb|1037	gnl|RZaadb|5784
gnl|ECaadb|1071	gnl|RZaadb|4691
gnl|ECaadb|1072	gnl|RZaadb|5733
gnl|ECaadb|1076	gnl|RZaadb|890
gnl|ECaadb|1077	gnl|RZaadb|2876
gnl|ECaadb|107	gnl|RZaadb|4414
gnl|ECaadb|1084	gnl|RZaadb|2280
gnl|ECaadb|1085	gnl|RZaadb|4110
gnl|ECaadb|1086	gnl|RZaadb|4111
gnl|ECaadb|1087	gnl|RZaadb|1488
gnl|ECaadb|1096	gnl|RZaadb|5581
gnl|ECaadb|1099	gnl|RZaadb|947
gnl|ECaadb|1103	gnl|RZaadb|619
gnl|ECaadb|1104	gnl|RZaadb|3087
gnl|ECaadb|1107	gnl|RZaadb|4487
gnl|ECaadb|1108	gnl|RZaadb|4488
gnl|ECaadb|1111	gnl|RZaadb|1798
gnl|ECaadb|1112	gnl|RZaadb|5249
gnl|ECaadb|1125	gnl|RZaadb|1047
gnl|ECaadb|1127	gnl|RZaadb|627
gnl|ECaadb|1129	gnl|RZaadb|5791
gnl|ECaadb|1131	gnl|RZaadb|528
gnl|ECaadb|1133	gnl|RZaadb|195
gnl|ECaadb|1134	gnl|RZaadb|532
gnl|ECaadb|1135	gnl|RZaadb|533
gnl|ECaadb|1136	gnl|RZaadb|534
gnl|ECaadb|1137	gnl|RZaadb|2409
gnl|ECaadb|1143	gnl|RZaadb|250
gnl|ECaadb|1147	gnl|RZaadb|3675
gnl|ECaadb|1148	gnl|RZaadb|313
gnl|ECaadb|1150	gnl|RZaadb|4262
gnl|ECaadb|1151	gnl|RZaadb|4263
gnl|ECaadb|115	gnl|RZaadb|2904
gnl|ECaadb|1160	gnl|RZaadb|2090
gnl|ECaadb|1161	gnl|RZaadb|2799
gnl|ECaadb|1166	gnl|RZaadb|4375
gnl|ECaadb|116	gnl|RZaadb|164
gnl|ECaadb|1171	gnl|RZaadb|3383
gnl|ECaadb|1178	gnl|RZaadb|3048
gnl|ECaadb|1187	gnl|RZaadb|2851
gnl|ECaadb|1188	gnl|RZaadb|66
gnl|ECaadb|1189	gnl|RZaadb|5641
gnl|ECaadb|118	gnl|RZaadb|2074
gnl|ECaadb|1190	gnl|RZaadb|4076
gnl|ECaadb|1192	gnl|RZaadb|3536
gnl|ECaadb|119	gnl|RZaadb|546
gnl|ECaadb|1202	gnl|RZaadb|5716
gnl|ECaadb|1210	gnl|RZaadb|5338
gnl|ECaadb|1214	gnl|RZaadb|1312
gnl|ECaadb|1217	gnl|RZaadb|1316
gnl|ECaadb|1224	gnl|RZaadb|4532
gnl|ECaadb|1227	gnl|RZaadb|4853
gnl|ECaadb|1233	gnl|RZaadb|1308
gnl|ECaadb|124	gnl|RZaadb|3647
gnl|ECaadb|1257	gnl|RZaadb|1173
gnl|ECaadb|1274	gnl|RZaadb|3356
gnl|ECaadb|1278	gnl|RZaadb|4585
gnl|ECaadb|1281	gnl|RZaadb|2215
gnl|ECaadb|1285	gnl|RZaadb|4879
gnl|ECaadb|1287	gnl|RZaadb|2433
gnl|ECaadb|1288	gnl|RZaadb|3805
gnl|ECaadb|1289	gnl|RZaadb|2432
gnl|ECaadb|1290	gnl|RZaadb|2431
gnl|ECaadb|1291	gnl|RZaadb|1238
gnl|ECaadb|1299	gnl|RZaadb|5713
gnl|ECaadb|1300	gnl|RZaadb|4315
gnl|ECaadb|1309	gnl|RZaadb|2393
gnl|ECaadb|1315	gnl|RZaadb|5366
gnl|ECaadb|1316	gnl|RZaadb|1514
gnl|ECaadb|1317	gnl|RZaadb|1515
gnl|ECaadb|1318	gnl|RZaadb|1516
gnl|ECaadb|1319	gnl|RZaadb|522
gnl|ECaadb|1320	gnl|RZaadb|5138
gnl|ECaadb|1324	gnl|RZaadb|2897
gnl|ECaadb|1329	gnl|RZaadb|4665
gnl|ECaadb|1348	gnl|RZaadb|4959
gnl|ECaadb|1352	gnl|RZaadb|97
gnl|ECaadb|1371	gnl|RZaadb|4088
gnl|ECaadb|1382	gnl|RZaadb|1006
gnl|ECaadb|1385	gnl|RZaadb|1168
gnl|ECaadb|1389	gnl|RZaadb|916
gnl|ECaadb|1391	gnl|RZaadb|4042
gnl|ECaadb|139	gnl|RZaadb|1030
gnl|ECaadb|13	gnl|RZaadb|228
gnl|ECaadb|1403	gnl|RZaadb|4389
gnl|ECaadb|1404	gnl|RZaadb|4896
gnl|ECaadb|1407	gnl|RZaadb|3540
gnl|ECaadb|141	gnl|RZaadb|4130
gnl|ECaadb|142	gnl|RZaadb|1655
gnl|ECaadb|1439	gnl|RZaadb|5458
gnl|ECaadb|144	gnl|RZaadb|4126
gnl|ECaadb|1453	gnl|RZaadb|5539
gnl|ECaadb|1459	gnl|RZaadb|5107
gnl|ECaadb|1468	gnl|RZaadb|2016
gnl|ECaadb|1469	gnl|RZaadb|2018
gnl|ECaadb|1480	gnl|RZaadb|3450
gnl|ECaadb|1492	gnl|RZaadb|5470
gnl|ECaadb|1494	gnl|RZaadb|391
gnl|ECaadb|1495	gnl|RZaadb|1151
gnl|ECaadb|1497	gnl|RZaadb|1960
gnl|ECaadb|1498	gnl|RZaadb|2566
gnl|ECaadb|14	gnl|RZaadb|229
gnl|ECaadb|1505	gnl|RZaadb|5388
gnl|ECaadb|1506	gnl|RZaadb|420
gnl|ECaadb|1509	gnl|RZaadb|1303
gnl|ECaadb|1511	gnl|RZaadb|2910
gnl|ECaadb|1513	gnl|RZaadb|3019
gnl|ECaadb|1514	gnl|RZaadb|3232
gnl|ECaadb|1515	gnl|RZaadb|1710
gnl|ECaadb|1516	gnl|RZaadb|1205
gnl|ECaadb|152	gnl|RZaadb|5188
gnl|ECaadb|1530	gnl|RZaadb|5466
gnl|ECaadb|1531	gnl|RZaadb|1953
gnl|ECaadb|1533	gnl|RZaadb|1955
gnl|ECaadb|1534	gnl|RZaadb|389
gnl|ECaadb|1538	gnl|RZaadb|4040
gnl|ECaadb|1543	gnl|RZaadb|4272
gnl|ECaadb|1545	gnl|RZaadb|2590
gnl|ECaadb|1546	gnl|RZaadb|4947
gnl|ECaadb|1551	gnl|RZaadb|551
gnl|ECaadb|1552	gnl|RZaadb|3058
gnl|ECaadb|1557	gnl|RZaadb|5469
gnl|ECaadb|1561	gnl|RZaadb|5434
gnl|ECaadb|1563	gnl|RZaadb|2735
gnl|ECaadb|1564	gnl|RZaadb|3421
gnl|ECaadb|1565	gnl|RZaadb|3422
gnl|ECaadb|1567	gnl|RZaadb|311
gnl|ECaadb|1569	gnl|RZaadb|6078
gnl|ECaadb|156	gnl|RZaadb|3322
gnl|ECaadb|1570	gnl|RZaadb|1924
gnl|ECaadb|157	gnl|RZaadb|3342
gnl|ECaadb|1588	gnl|RZaadb|2914
gnl|ECaadb|158	gnl|RZaadb|310
gnl|ECaadb|1597	gnl|RZaadb|1252
gnl|ECaadb|159	gnl|RZaadb|674
gnl|ECaadb|1607	gnl|RZaadb|1527
gnl|ECaadb|160	gnl|RZaadb|742
gnl|ECaadb|1613	gnl|RZaadb|1923
gnl|ECaadb|1616	gnl|RZaadb|5856
gnl|ECaadb|161	gnl|RZaadb|557
gnl|ECaadb|1622	gnl|RZaadb|4624
gnl|ECaadb|1626	gnl|RZaadb|2890
gnl|ECaadb|1629	gnl|RZaadb|1371
gnl|ECaadb|162	gnl|RZaadb|558
gnl|ECaadb|1631	gnl|RZaadb|268
gnl|ECaadb|1632	gnl|RZaadb|2281
gnl|ECaadb|1638	gnl|RZaadb|3731
gnl|ECaadb|1639	gnl|RZaadb|3368
gnl|ECaadb|163	gnl|RZaadb|4433
gnl|ECaadb|1640	gnl|RZaadb|4097
gnl|ECaadb|1648	gnl|RZaadb|4051
gnl|ECaadb|164	gnl|RZaadb|1788
gnl|ECaadb|1653	gnl|RZaadb|3288
gnl|ECaadb|1657	gnl|RZaadb|77
gnl|ECaadb|1671	gnl|RZaadb|4
gnl|ECaadb|1676	gnl|RZaadb|5954
gnl|ECaadb|1678	gnl|RZaadb|4558
gnl|ECaadb|1692	gnl|RZaadb|2902
gnl|ECaadb|1697	gnl|RZaadb|5126
gnl|ECaadb|1698	gnl|RZaadb|3176
gnl|ECaadb|1699	gnl|RZaadb|297
gnl|ECaadb|169	gnl|RZaadb|1792
gnl|ECaadb|1700	gnl|RZaadb|4681
gnl|ECaadb|1701	gnl|RZaadb|1500
gnl|ECaadb|1704	gnl|RZaadb|2219
gnl|ECaadb|1706	gnl|RZaadb|1357
gnl|ECaadb|1707	gnl|RZaadb|5036
gnl|ECaadb|170	gnl|RZaadb|559
gnl|ECaadb|1711	gnl|RZaadb|1481
gnl|ECaadb|1713	gnl|RZaadb|5448
gnl|ECaadb|1719	gnl|RZaadb|4162
gnl|ECaadb|171	gnl|RZaadb|1793
gnl|ECaadb|1726	gnl|RZaadb|5517
gnl|ECaadb|1729	gnl|RZaadb|1497
gnl|ECaadb|172	gnl|RZaadb|1795
gnl|ECaadb|1730	gnl|RZaadb|1104
gnl|ECaadb|1733	gnl|RZaadb|866
gnl|ECaadb|1736	gnl|RZaadb|1108
gnl|ECaadb|1742	gnl|RZaadb|3290
gnl|ECaadb|1744	gnl|RZaadb|5157
gnl|ECaadb|1745	gnl|RZaadb|5158
gnl|ECaadb|174	gnl|RZaadb|2625
gnl|ECaadb|1754	gnl|RZaadb|2772
gnl|ECaadb|1755	gnl|RZaadb|1230
gnl|ECaadb|1759	gnl|RZaadb|5681
gnl|ECaadb|175	gnl|RZaadb|4456
gnl|ECaadb|1761	gnl|RZaadb|4344
gnl|ECaadb|176	gnl|RZaadb|3520
gnl|ECaadb|1777	gnl|RZaadb|6013
gnl|ECaadb|1784	gnl|RZaadb|205
gnl|ECaadb|1797	gnl|RZaadb|5460
gnl|ECaadb|1810	gnl|RZaadb|1187
gnl|ECaadb|1814	gnl|RZaadb|4895
gnl|ECaadb|1818	gnl|RZaadb|2092
gnl|ECaadb|181	gnl|RZaadb|1017
gnl|ECaadb|1829	gnl|RZaadb|6108
gnl|ECaadb|1836	gnl|RZaadb|942
gnl|ECaadb|1839	gnl|RZaadb|3240
gnl|ECaadb|1842	gnl|RZaadb|1022
gnl|ECaadb|1843	gnl|RZaadb|1020
gnl|ECaadb|1844	gnl|RZaadb|1019
gnl|ECaadb|1848	gnl|RZaadb|5349
gnl|ECaadb|1856	gnl|RZaadb|1206
gnl|ECaadb|1857	gnl|RZaadb|2747
gnl|ECaadb|1858	gnl|RZaadb|2746
gnl|ECaadb|1862	gnl|RZaadb|6134
gnl|ECaadb|1867	gnl|RZaadb|4184
gnl|ECaadb|1870	gnl|RZaadb|3131
gnl|ECaadb|1871	gnl|RZaadb|3132
gnl|ECaadb|1879	gnl|RZaadb|6112
gnl|ECaadb|187	gnl|RZaadb|3760
gnl|ECaadb|188	gnl|RZaadb|3762
gnl|ECaadb|1893	gnl|RZaadb|2857
gnl|ECaadb|1897	gnl|RZaadb|4872
gnl|ECaadb|189	gnl|RZaadb|3761
gnl|ECaadb|1914	gnl|RZaadb|2322
gnl|ECaadb|1916	gnl|RZaadb|4655
gnl|ECaadb|192	gnl|RZaadb|2275
gnl|ECaadb|1938	gnl|RZaadb|1076
gnl|ECaadb|1940	gnl|RZaadb|3284
gnl|ECaadb|1946	gnl|RZaadb|173
gnl|ECaadb|1953	gnl|RZaadb|2515
gnl|ECaadb|1954	gnl|RZaadb|2516
gnl|ECaadb|1956	gnl|RZaadb|4354
gnl|ECaadb|1957	gnl|RZaadb|1569
gnl|ECaadb|196	gnl|RZaadb|4465
gnl|ECaadb|1972	gnl|RZaadb|1987
gnl|ECaadb|1984	gnl|RZaadb|3460
gnl|ECaadb|1985	gnl|RZaadb|277
gnl|ECaadb|1986	gnl|RZaadb|3459
gnl|ECaadb|1987	gnl|RZaadb|3458
gnl|ECaadb|1989	gnl|RZaadb|1638
gnl|ECaadb|198	gnl|RZaadb|949
gnl|ECaadb|1997	gnl|RZaadb|4928
gnl|ECaadb|1999	gnl|RZaadb|4372
gnl|ECaadb|2000	gnl|RZaadb|5963
gnl|ECaadb|2001	gnl|RZaadb|6064
gnl|ECaadb|2003	gnl|RZaadb|5687
gnl|ECaadb|2005	gnl|RZaadb|4374
gnl|ECaadb|2016	gnl|RZaadb|858
gnl|ECaadb|2017	gnl|RZaadb|3319
gnl|ECaadb|2024	gnl|RZaadb|5072
gnl|ECaadb|2025	gnl|RZaadb|4583
gnl|ECaadb|2026	gnl|RZaadb|4584
gnl|ECaadb|2034	gnl|RZaadb|1523
gnl|ECaadb|2046	gnl|RZaadb|1659
gnl|ECaadb|2047	gnl|RZaadb|4056
gnl|ECaadb|204	gnl|RZaadb|4820
gnl|ECaadb|2054	gnl|RZaadb|1615
gnl|ECaadb|2068	gnl|RZaadb|1942
gnl|ECaadb|2077	gnl|RZaadb|1470
gnl|ECaadb|2078	gnl|RZaadb|2631
gnl|ECaadb|2083	gnl|RZaadb|2588
gnl|ECaadb|2085	gnl|RZaadb|2586
gnl|ECaadb|2086	gnl|RZaadb|5423
gnl|ECaadb|2090	gnl|RZaadb|1129
gnl|ECaadb|2094	gnl|RZaadb|2730
gnl|ECaadb|2103	gnl|RZaadb|3109
gnl|ECaadb|2107	gnl|RZaadb|4239
gnl|ECaadb|2110	gnl|RZaadb|4926
gnl|ECaadb|2113	gnl|RZaadb|2798
gnl|ECaadb|2117	gnl|RZaadb|1016
gnl|ECaadb|2119	gnl|RZaadb|3323
gnl|ECaadb|211	gnl|RZaadb|4205
gnl|ECaadb|2120	gnl|RZaadb|4291
gnl|ECaadb|2124	gnl|RZaadb|1037
gnl|ECaadb|2128	gnl|RZaadb|2089
gnl|ECaadb|2130	gnl|RZaadb|5496
gnl|ECaadb|2140	gnl|RZaadb|3250
gnl|ECaadb|2149	gnl|RZaadb|2245
gnl|ECaadb|214	gnl|RZaadb|1306
gnl|ECaadb|2160	gnl|RZaadb|5925
gnl|ECaadb|2165	gnl|RZaadb|2311
gnl|ECaadb|216	gnl|RZaadb|921
gnl|ECaadb|2173	gnl|RZaadb|5302
gnl|ECaadb|2182	gnl|RZaadb|3462
gnl|ECaadb|2185	gnl|RZaadb|3084
gnl|ECaadb|2191	gnl|RZaadb|5136
gnl|ECaadb|2197	gnl|RZaadb|5086
gnl|ECaadb|2198	gnl|RZaadb|2293
gnl|ECaadb|219	gnl|RZaadb|5676
gnl|ECaadb|2201	gnl|RZaadb|3376
gnl|ECaadb|2205	gnl|RZaadb|377
gnl|ECaadb|220	gnl|RZaadb|4302
gnl|ECaadb|2210	gnl|RZaadb|4617
gnl|ECaadb|2212	gnl|RZaadb|5154
gnl|ECaadb|2222	gnl|RZaadb|2385
gnl|ECaadb|2249	gnl|RZaadb|2001
gnl|ECaadb|2253	gnl|RZaadb|1201
gnl|ECaadb|2257	gnl|RZaadb|3403
gnl|ECaadb|2258	gnl|RZaadb|5537
gnl|ECaadb|2261	gnl|RZaadb|1405
gnl|ECaadb|2262	gnl|RZaadb|449
gnl|ECaadb|2264	gnl|RZaadb|2826
gnl|ECaadb|2266	gnl|RZaadb|5335
gnl|ECaadb|2284	gnl|RZaadb|362
gnl|ECaadb|2285	gnl|RZaadb|2767
gnl|ECaadb|2286	gnl|RZaadb|2768
gnl|ECaadb|2287	gnl|RZaadb|291
gnl|ECaadb|2293	gnl|RZaadb|3394
gnl|ECaadb|2294	gnl|RZaadb|1126
gnl|ECaadb|2297	gnl|RZaadb|1425
gnl|ECaadb|2301	gnl|RZaadb|4340
gnl|ECaadb|2303	gnl|RZaadb|1555
gnl|ECaadb|2304	gnl|RZaadb|660
gnl|ECaadb|2307	gnl|RZaadb|1707
gnl|ECaadb|2314	gnl|RZaadb|1301
gnl|ECaadb|2317	gnl|RZaadb|1980
gnl|ECaadb|2318	gnl|RZaadb|1495
gnl|ECaadb|2325	gnl|RZaadb|4716
gnl|ECaadb|2327	gnl|RZaadb|2829
gnl|ECaadb|2329	gnl|RZaadb|5155
gnl|ECaadb|2336	gnl|RZaadb|1204
gnl|ECaadb|2338	gnl|RZaadb|2
gnl|ECaadb|2347	gnl|RZaadb|370
gnl|ECaadb|2348	gnl|RZaadb|2257
gnl|ECaadb|2350	gnl|RZaadb|2825
gnl|ECaadb|2351	gnl|RZaadb|371
gnl|ECaadb|2352	gnl|RZaadb|1192
gnl|ECaadb|2353	gnl|RZaadb|3431
gnl|ECaadb|2358	gnl|RZaadb|4713
gnl|ECaadb|235	gnl|RZaadb|1862
gnl|ECaadb|2362	gnl|RZaadb|2266
gnl|ECaadb|2364	gnl|RZaadb|2494
gnl|ECaadb|2372	gnl|RZaadb|4489
gnl|ECaadb|2373	gnl|RZaadb|2373
gnl|ECaadb|2374	gnl|RZaadb|5419
gnl|ECaadb|2386	gnl|RZaadb|4368
gnl|ECaadb|2389	gnl|RZaadb|4369
gnl|ECaadb|2395	gnl|RZaadb|1806
gnl|ECaadb|2396	gnl|RZaadb|367
gnl|ECaadb|23	gnl|RZaadb|5508
gnl|ECaadb|2419	gnl|RZaadb|4828
gnl|ECaadb|242	gnl|RZaadb|5986
gnl|ECaadb|2431	gnl|RZaadb|491
gnl|ECaadb|2432	gnl|RZaadb|5256
gnl|ECaadb|2433	gnl|RZaadb|5826
gnl|ECaadb|2434	gnl|RZaadb|5257
gnl|ECaadb|243	gnl|RZaadb|3094
gnl|ECaadb|2442	gnl|RZaadb|2564
gnl|ECaadb|2448	gnl|RZaadb|1985
gnl|ECaadb|244	gnl|RZaadb|3516
gnl|ECaadb|2450	gnl|RZaadb|443
gnl|ECaadb|2451	gnl|RZaadb|1272
gnl|ECaadb|2481	gnl|RZaadb|3340
gnl|ECaadb|2485	gnl|RZaadb|4059
gnl|ECaadb|2486	gnl|RZaadb|4054
gnl|ECaadb|2492	gnl|RZaadb|1745
gnl|ECaadb|2499	gnl|RZaadb|133
gnl|ECaadb|24	gnl|RZaadb|5507
gnl|ECaadb|2500	gnl|RZaadb|2963
gnl|ECaadb|2510	gnl|RZaadb|134
gnl|ECaadb|2513	gnl|RZaadb|5260
gnl|ECaadb|2525	gnl|RZaadb|561
gnl|ECaadb|2526	gnl|RZaadb|1915
gnl|ECaadb|2527	gnl|RZaadb|5929
gnl|ECaadb|2550	gnl|RZaadb|3278
gnl|ECaadb|2554	gnl|RZaadb|2466
gnl|ECaadb|2560	gnl|RZaadb|5428
gnl|ECaadb|2570	gnl|RZaadb|2285
gnl|ECaadb|2571	gnl|RZaadb|2371
gnl|ECaadb|2572	gnl|RZaadb|191
gnl|ECaadb|2573	gnl|RZaadb|4299
gnl|ECaadb|2577	gnl|RZaadb|2793
gnl|ECaadb|2580	gnl|RZaadb|345
gnl|ECaadb|2581	gnl|RZaadb|4471
gnl|ECaadb|2582	gnl|RZaadb|3572
gnl|ECaadb|2583	gnl|RZaadb|2250
gnl|ECaadb|2585	gnl|RZaadb|5901
gnl|ECaadb|2586	gnl|RZaadb|4687
gnl|ECaadb|2587	gnl|RZaadb|1574
gnl|ECaadb|25	gnl|RZaadb|3336
gnl|ECaadb|2603	gnl|RZaadb|5328
gnl|ECaadb|2605	gnl|RZaadb|2539
gnl|ECaadb|2615	gnl|RZaadb|2428
gnl|ECaadb|2620	gnl|RZaadb|1513
gnl|ECaadb|2621	gnl|RZaadb|1224
gnl|ECaadb|2622	gnl|RZaadb|1771
gnl|ECaadb|2624	gnl|RZaadb|5699
gnl|ECaadb|2629	gnl|RZaadb|364
gnl|ECaadb|2632	gnl|RZaadb|4413
gnl|ECaadb|2633	gnl|RZaadb|1949
gnl|ECaadb|2634	gnl|RZaadb|838
gnl|ECaadb|2635	gnl|RZaadb|1948
gnl|ECaadb|2636	gnl|RZaadb|4361
gnl|ECaadb|2643	gnl|RZaadb|2013
gnl|ECaadb|2644	gnl|RZaadb|2096
gnl|ECaadb|2645	gnl|RZaadb|3763
gnl|ECaadb|2650	gnl|RZaadb|2336
gnl|ECaadb|2651	gnl|RZaadb|851
gnl|ECaadb|2654	gnl|RZaadb|5047
gnl|ECaadb|2655	gnl|RZaadb|5837
gnl|ECaadb|2656	gnl|RZaadb|3296
gnl|ECaadb|2662	gnl|RZaadb|5437
gnl|ECaadb|2666	gnl|RZaadb|1061
gnl|ECaadb|2671	gnl|RZaadb|3378
gnl|ECaadb|2672	gnl|RZaadb|255
gnl|ECaadb|2675	gnl|RZaadb|4282
gnl|ECaadb|2678	gnl|RZaadb|3353
gnl|ECaadb|2684	gnl|RZaadb|3349
gnl|ECaadb|2685	gnl|RZaadb|3021
gnl|ECaadb|2695	gnl|RZaadb|4253
gnl|ECaadb|2697	gnl|RZaadb|3119
gnl|ECaadb|2705	gnl|RZaadb|3807
gnl|ECaadb|270	gnl|RZaadb|4626
gnl|ECaadb|2715	gnl|RZaadb|2076
gnl|ECaadb|2716	gnl|RZaadb|176
gnl|ECaadb|2717	gnl|RZaadb|410
gnl|ECaadb|2718	gnl|RZaadb|5029
gnl|ECaadb|2720	gnl|RZaadb|1780
gnl|ECaadb|2724	gnl|RZaadb|5683
gnl|ECaadb|2728	gnl|RZaadb|1203
gnl|ECaadb|2745	gnl|RZaadb|3911
gnl|ECaadb|2757	gnl|RZaadb|2436
gnl|ECaadb|2759	gnl|RZaadb|2862
gnl|ECaadb|2763	gnl|RZaadb|819
gnl|ECaadb|2765	gnl|RZaadb|2617
gnl|ECaadb|2766	gnl|RZaadb|3120
gnl|ECaadb|276	gnl|RZaadb|2961
gnl|ECaadb|2770	gnl|RZaadb|4394
gnl|ECaadb|2775	gnl|RZaadb|2113
gnl|ECaadb|277	gnl|RZaadb|5957
gnl|ECaadb|278	gnl|RZaadb|1164
gnl|ECaadb|27	gnl|RZaadb|3036
gnl|ECaadb|2804	gnl|RZaadb|5394
gnl|ECaadb|2806	gnl|RZaadb|1331
gnl|ECaadb|2811	gnl|RZaadb|5013
gnl|ECaadb|2813	gnl|RZaadb|869
gnl|ECaadb|2819	gnl|RZaadb|2058
gnl|ECaadb|2822	gnl|RZaadb|3277
gnl|ECaadb|2838	gnl|RZaadb|1055
gnl|ECaadb|2845	gnl|RZaadb|1520
gnl|ECaadb|2848	gnl|RZaadb|5118
gnl|ECaadb|2852	gnl|RZaadb|1482
gnl|ECaadb|2856	gnl|RZaadb|3498
gnl|ECaadb|2857	gnl|RZaadb|5564
gnl|ECaadb|2858	gnl|RZaadb|3496
gnl|ECaadb|2861	gnl|RZaadb|271
gnl|ECaadb|2866	gnl|RZaadb|1477
gnl|ECaadb|2867	gnl|RZaadb|5339
gnl|ECaadb|2868	gnl|RZaadb|1478
gnl|ECaadb|2869	gnl|RZaadb|1124
gnl|ECaadb|2871	gnl|RZaadb|244
gnl|ECaadb|2873	gnl|RZaadb|4303
gnl|ECaadb|2875	gnl|RZaadb|440
gnl|ECaadb|2876	gnl|RZaadb|4306
gnl|ECaadb|2877	gnl|RZaadb|5504
gnl|ECaadb|2879	gnl|RZaadb|3242
gnl|ECaadb|2885	gnl|RZaadb|1311
gnl|ECaadb|2887	gnl|RZaadb|5080
gnl|ECaadb|2891	gnl|RZaadb|35
gnl|ECaadb|2892	gnl|RZaadb|969
gnl|ECaadb|2894	gnl|RZaadb|34
gnl|ECaadb|289	gnl|RZaadb|351
gnl|ECaadb|28	gnl|RZaadb|2087
gnl|ECaadb|2901	gnl|RZaadb|5085
gnl|ECaadb|2902	gnl|RZaadb|515
gnl|ECaadb|2914	gnl|RZaadb|3631
gnl|ECaadb|2918	gnl|RZaadb|755
gnl|ECaadb|2919	gnl|RZaadb|669
gnl|ECaadb|2920	gnl|RZaadb|4404
gnl|ECaadb|2931	gnl|RZaadb|2918
gnl|ECaadb|2932	gnl|RZaadb|3043
gnl|ECaadb|2934	gnl|RZaadb|1096
gnl|ECaadb|2941	gnl|RZaadb|159
gnl|ECaadb|2945	gnl|RZaadb|1273
gnl|ECaadb|2953	gnl|RZaadb|1266
gnl|ECaadb|2954	gnl|RZaadb|1779
gnl|ECaadb|2960	gnl|RZaadb|5538
gnl|ECaadb|2961	gnl|RZaadb|3324
gnl|ECaadb|2964	gnl|RZaadb|3247
gnl|ECaadb|2965	gnl|RZaadb|5254
gnl|ECaadb|2967	gnl|RZaadb|745
gnl|ECaadb|2968	gnl|RZaadb|25
gnl|ECaadb|2969	gnl|RZaadb|445
gnl|ECaadb|2970	gnl|RZaadb|24
gnl|ECaadb|2971	gnl|RZaadb|39
gnl|ECaadb|2973	gnl|RZaadb|2604
gnl|ECaadb|2977	gnl|RZaadb|41
gnl|ECaadb|2978	gnl|RZaadb|50
gnl|ECaadb|2979	gnl|RZaadb|22
gnl|ECaadb|2980	gnl|RZaadb|42
gnl|ECaadb|2981	gnl|RZaadb|2606
gnl|ECaadb|2982	gnl|RZaadb|361
gnl|ECaadb|2983	gnl|RZaadb|43
gnl|ECaadb|2984	gnl|RZaadb|360
gnl|ECaadb|2986	gnl|RZaadb|44
gnl|ECaadb|2987	gnl|RZaadb|45
gnl|ECaadb|2988	gnl|RZaadb|358
gnl|ECaadb|2989	gnl|RZaadb|46
gnl|ECaadb|298	gnl|RZaadb|4283
gnl|ECaadb|2990	gnl|RZaadb|733
gnl|ECaadb|2991	gnl|RZaadb|21
gnl|ECaadb|2992	gnl|RZaadb|357
gnl|ECaadb|2993	gnl|RZaadb|2607
gnl|ECaadb|2994	gnl|RZaadb|20
gnl|ECaadb|29	gnl|RZaadb|3463
gnl|ECaadb|3009	gnl|RZaadb|5300
gnl|ECaadb|300	gnl|RZaadb|3799
gnl|ECaadb|3013	gnl|RZaadb|5847
gnl|ECaadb|3014	gnl|RZaadb|122
gnl|ECaadb|3015	gnl|RZaadb|19
gnl|ECaadb|3023	gnl|RZaadb|3102
gnl|ECaadb|3025	gnl|RZaadb|5453
gnl|ECaadb|302	gnl|RZaadb|954
gnl|ECaadb|3032	gnl|RZaadb|1079
gnl|ECaadb|3038	gnl|RZaadb|1245
gnl|ECaadb|3040	gnl|RZaadb|5318
gnl|ECaadb|3053	gnl|RZaadb|603
gnl|ECaadb|3055	gnl|RZaadb|1967
gnl|ECaadb|3058	gnl|RZaadb|4458
gnl|ECaadb|3064	gnl|RZaadb|2612
gnl|ECaadb|3069	gnl|RZaadb|1081
gnl|ECaadb|3071	gnl|RZaadb|4254
gnl|ECaadb|3073	gnl|RZaadb|815
gnl|ECaadb|3074	gnl|RZaadb|3075
gnl|ECaadb|3085	gnl|RZaadb|4704
gnl|ECaadb|3087	gnl|RZaadb|3896
gnl|ECaadb|3088	gnl|RZaadb|5098
gnl|ECaadb|3089	gnl|RZaadb|5100
gnl|ECaadb|3090	gnl|RZaadb|69
gnl|ECaadb|3091	gnl|RZaadb|4590
gnl|ECaadb|3092	gnl|RZaadb|3997
gnl|ECaadb|3098	gnl|RZaadb|2292
gnl|ECaadb|30	gnl|RZaadb|1401
gnl|ECaadb|3103	gnl|RZaadb|5065
gnl|ECaadb|3105	gnl|RZaadb|4760
gnl|ECaadb|3106	gnl|RZaadb|4761
gnl|ECaadb|3107	gnl|RZaadb|4762
gnl|ECaadb|3108	gnl|RZaadb|4763
gnl|ECaadb|3109	gnl|RZaadb|4764
gnl|ECaadb|3110	gnl|RZaadb|5835
gnl|ECaadb|3111	gnl|RZaadb|395
gnl|ECaadb|3113	gnl|RZaadb|1461
gnl|ECaadb|3116	gnl|RZaadb|1463
gnl|ECaadb|3118	gnl|RZaadb|165
gnl|ECaadb|3120	gnl|RZaadb|3105
gnl|ECaadb|3125	gnl|RZaadb|5698
gnl|ECaadb|3126	gnl|RZaadb|4463
gnl|ECaadb|3143	gnl|RZaadb|3172
gnl|ECaadb|3150	gnl|RZaadb|2769
gnl|ECaadb|3151	gnl|RZaadb|2011
gnl|ECaadb|3154	gnl|RZaadb|2103
gnl|ECaadb|3163	gnl|RZaadb|1474
gnl|ECaadb|3171	gnl|RZaadb|401
gnl|ECaadb|3173	gnl|RZaadb|4502
gnl|ECaadb|3176	gnl|RZaadb|6087
gnl|ECaadb|3178	gnl|RZaadb|1407
gnl|ECaadb|3188	gnl|RZaadb|442
gnl|ECaadb|3189	gnl|RZaadb|3158
gnl|ECaadb|318	gnl|RZaadb|1625
gnl|ECaadb|3190	gnl|RZaadb|1123
gnl|ECaadb|3191	gnl|RZaadb|441
gnl|ECaadb|3192	gnl|RZaadb|3159
gnl|ECaadb|3196	gnl|RZaadb|1130
gnl|ECaadb|3199	gnl|RZaadb|231
gnl|ECaadb|319	gnl|RZaadb|5988
gnl|ECaadb|31	gnl|RZaadb|2352
gnl|ECaadb|3204	gnl|RZaadb|804
gnl|ECaadb|3205	gnl|RZaadb|3076
gnl|ECaadb|3206	gnl|RZaadb|3083
gnl|ECaadb|3210	gnl|RZaadb|5133
gnl|ECaadb|3211	gnl|RZaadb|5132
gnl|ECaadb|3212	gnl|RZaadb|2454
gnl|ECaadb|3213	gnl|RZaadb|114
gnl|ECaadb|3214	gnl|RZaadb|1440
gnl|ECaadb|3231	gnl|RZaadb|1519
gnl|ECaadb|3238	gnl|RZaadb|3527
gnl|ECaadb|3239	gnl|RZaadb|3528
gnl|ECaadb|3246	gnl|RZaadb|2429
gnl|ECaadb|3247	gnl|RZaadb|1415
gnl|ECaadb|3248	gnl|RZaadb|415
gnl|ECaadb|3249	gnl|RZaadb|4395
gnl|ECaadb|3250	gnl|RZaadb|1014
gnl|ECaadb|3251	gnl|RZaadb|764
gnl|ECaadb|3257	gnl|RZaadb|2345
gnl|ECaadb|3258	gnl|RZaadb|2346
gnl|ECaadb|326	gnl|RZaadb|4841
gnl|ECaadb|3274	gnl|RZaadb|1139
gnl|ECaadb|3275	gnl|RZaadb|196
gnl|ECaadb|3276	gnl|RZaadb|1059
gnl|ECaadb|3277	gnl|RZaadb|56
gnl|ECaadb|327	gnl|RZaadb|4842
gnl|ECaadb|3280	gnl|RZaadb|3366
gnl|ECaadb|3281	gnl|RZaadb|3372
gnl|ECaadb|3284	gnl|RZaadb|2791
gnl|ECaadb|3288	gnl|RZaadb|658
gnl|ECaadb|3290	gnl|RZaadb|1190
gnl|ECaadb|3292	gnl|RZaadb|1850
gnl|ECaadb|329	gnl|RZaadb|4668
gnl|ECaadb|3301	gnl|RZaadb|5979
gnl|ECaadb|3304	gnl|RZaadb|2406
gnl|ECaadb|330	gnl|RZaadb|2760
gnl|ECaadb|3323	gnl|RZaadb|5087
gnl|ECaadb|3328	gnl|RZaadb|3096
gnl|ECaadb|3332	gnl|RZaadb|1054
gnl|ECaadb|3333	gnl|RZaadb|1060
gnl|ECaadb|3336	gnl|RZaadb|5534
gnl|ECaadb|3337	gnl|RZaadb|4274
gnl|ECaadb|3351	gnl|RZaadb|5128
gnl|ECaadb|3354	gnl|RZaadb|242
gnl|ECaadb|3355	gnl|RZaadb|243
gnl|ECaadb|3359	gnl|RZaadb|1848
gnl|ECaadb|335	gnl|RZaadb|1426
gnl|ECaadb|3360	gnl|RZaadb|1847
gnl|ECaadb|3362	gnl|RZaadb|1544
gnl|ECaadb|3363	gnl|RZaadb|4421
gnl|ECaadb|3364	gnl|RZaadb|4420
gnl|ECaadb|3371	gnl|RZaadb|4275
gnl|ECaadb|3379	gnl|RZaadb|1101
gnl|ECaadb|3380	gnl|RZaadb|4964
gnl|ECaadb|3381	gnl|RZaadb|5778
gnl|ECaadb|3382	gnl|RZaadb|1125
gnl|ECaadb|3384	gnl|RZaadb|3377
gnl|ECaadb|3392	gnl|RZaadb|226
gnl|ECaadb|3393	gnl|RZaadb|676
gnl|ECaadb|3397	gnl|RZaadb|3136
gnl|ECaadb|3407	gnl|RZaadb|5686
gnl|ECaadb|3409	gnl|RZaadb|4415
gnl|ECaadb|3411	gnl|RZaadb|5977
gnl|ECaadb|3412	gnl|RZaadb|1142
gnl|ECaadb|3425	gnl|RZaadb|1743
gnl|ECaadb|3433	gnl|RZaadb|2037
gnl|ECaadb|3434	gnl|RZaadb|5346
gnl|ECaadb|3440	gnl|RZaadb|3480
gnl|ECaadb|3441	gnl|RZaadb|3315
gnl|ECaadb|3443	gnl|RZaadb|6066
gnl|ECaadb|3444	gnl|RZaadb|1274
gnl|ECaadb|3446	gnl|RZaadb|194
gnl|ECaadb|344	gnl|RZaadb|2370
gnl|ECaadb|3454	gnl|RZaadb|2324
gnl|ECaadb|3456	gnl|RZaadb|961
gnl|ECaadb|3457	gnl|RZaadb|3740
gnl|ECaadb|3458	gnl|RZaadb|3897
gnl|ECaadb|345	gnl|RZaadb|5334
gnl|ECaadb|3469	gnl|RZaadb|1537
gnl|ECaadb|3475	gnl|RZaadb|1656
gnl|ECaadb|3485	gnl|RZaadb|4796
gnl|ECaadb|3486	gnl|RZaadb|175
gnl|ECaadb|3488	gnl|RZaadb|1652
gnl|ECaadb|3490	gnl|RZaadb|1917
gnl|ECaadb|3495	gnl|RZaadb|301
gnl|ECaadb|3497	gnl|RZaadb|3892
gnl|ECaadb|34	gnl|RZaadb|5771
gnl|ECaadb|3502	gnl|RZaadb|1025
gnl|ECaadb|3503	gnl|RZaadb|1024
gnl|ECaadb|3505	gnl|RZaadb|5131
gnl|ECaadb|3506	gnl|RZaadb|1545
gnl|ECaadb|3507	gnl|RZaadb|29
gnl|ECaadb|3510	gnl|RZaadb|3660
gnl|ECaadb|3512	gnl|RZaadb|2307
gnl|ECaadb|3513	gnl|RZaadb|5584
gnl|ECaadb|3529	gnl|RZaadb|1533
gnl|ECaadb|3530	gnl|RZaadb|3649
gnl|ECaadb|3531	gnl|RZaadb|1255
gnl|ECaadb|3539	gnl|RZaadb|1018
gnl|ECaadb|3540	gnl|RZaadb|123
gnl|ECaadb|3542	gnl|RZaadb|117
gnl|ECaadb|3543	gnl|RZaadb|118
gnl|ECaadb|3544	gnl|RZaadb|119
gnl|ECaadb|3545	gnl|RZaadb|5832
gnl|ECaadb|3547	gnl|RZaadb|121
gnl|ECaadb|3548	gnl|RZaadb|5914
gnl|ECaadb|3551	gnl|RZaadb|3819
gnl|ECaadb|3553	gnl|RZaadb|3820
gnl|ECaadb|3554	gnl|RZaadb|3817
gnl|ECaadb|3556	gnl|RZaadb|4273
gnl|ECaadb|3559	gnl|RZaadb|17
gnl|ECaadb|355	gnl|RZaadb|241
gnl|ECaadb|3564	gnl|RZaadb|3079
gnl|ECaadb|3565	gnl|RZaadb|4289
gnl|ECaadb|3568	gnl|RZaadb|325
gnl|ECaadb|3570	gnl|RZaadb|5951
gnl|ECaadb|3574	gnl|RZaadb|5380
gnl|ECaadb|3580	gnl|RZaadb|3289
gnl|ECaadb|3590	gnl|RZaadb|1033
gnl|ECaadb|3594	gnl|RZaadb|5503
gnl|ECaadb|3599	gnl|RZaadb|1250
gnl|ECaadb|3603	gnl|RZaadb|5354
gnl|ECaadb|3605	gnl|RZaadb|1843
gnl|ECaadb|3606	gnl|RZaadb|1196
gnl|ECaadb|3610	gnl|RZaadb|5384
gnl|ECaadb|3612	gnl|RZaadb|1854
gnl|ECaadb|3617	gnl|RZaadb|1540
gnl|ECaadb|361	gnl|RZaadb|1857
gnl|ECaadb|3623	gnl|RZaadb|4284
gnl|ECaadb|362	gnl|RZaadb|1858
gnl|ECaadb|3641	gnl|RZaadb|5243
gnl|ECaadb|3644	gnl|RZaadb|563
gnl|ECaadb|3647	gnl|RZaadb|479
gnl|ECaadb|3648	gnl|RZaadb|1039
gnl|ECaadb|3649	gnl|RZaadb|3469
gnl|ECaadb|3650	gnl|RZaadb|274
gnl|ECaadb|3651	gnl|RZaadb|3468
gnl|ECaadb|3652	gnl|RZaadb|3467
gnl|ECaadb|3653	gnl|RZaadb|3466
gnl|ECaadb|3656	gnl|RZaadb|5557
gnl|ECaadb|3663	gnl|RZaadb|4025
gnl|ECaadb|3669	gnl|RZaadb|4550
gnl|ECaadb|3677	gnl|RZaadb|5417
gnl|ECaadb|3688	gnl|RZaadb|4667
gnl|ECaadb|3691	gnl|RZaadb|363
gnl|ECaadb|3692	gnl|RZaadb|3108
gnl|ECaadb|3696	gnl|RZaadb|675
gnl|ECaadb|3697	gnl|RZaadb|388
gnl|ECaadb|3699	gnl|RZaadb|5404
gnl|ECaadb|369	gnl|RZaadb|16
gnl|ECaadb|3704	gnl|RZaadb|4322
gnl|ECaadb|3712	gnl|RZaadb|3386
gnl|ECaadb|3713	gnl|RZaadb|5933
gnl|ECaadb|3717	gnl|RZaadb|5373
gnl|ECaadb|3719	gnl|RZaadb|1282
gnl|ECaadb|371	gnl|RZaadb|319
gnl|ECaadb|3721	gnl|RZaadb|482
gnl|ECaadb|3723	gnl|RZaadb|1464
gnl|ECaadb|3724	gnl|RZaadb|995
gnl|ECaadb|3727	gnl|RZaadb|3915
gnl|ECaadb|3728	gnl|RZaadb|3916
gnl|ECaadb|372	gnl|RZaadb|840
gnl|ECaadb|3730	gnl|RZaadb|287
gnl|ECaadb|3733	gnl|RZaadb|2614
gnl|ECaadb|3737	gnl|RZaadb|524
gnl|ECaadb|3748	gnl|RZaadb|655
gnl|ECaadb|3756	gnl|RZaadb|2256
gnl|ECaadb|3757	gnl|RZaadb|1338
gnl|ECaadb|3758	gnl|RZaadb|1240
gnl|ECaadb|3759	gnl|RZaadb|2553
gnl|ECaadb|375	gnl|RZaadb|4479
gnl|ECaadb|3769	gnl|RZaadb|1552
gnl|ECaadb|376	gnl|RZaadb|3066
gnl|ECaadb|3770	gnl|RZaadb|298
gnl|ECaadb|3772	gnl|RZaadb|631
gnl|ECaadb|3776	gnl|RZaadb|1137
gnl|ECaadb|3779	gnl|RZaadb|2408
gnl|ECaadb|377	gnl|RZaadb|5680
gnl|ECaadb|3783	gnl|RZaadb|4680
gnl|ECaadb|3785	gnl|RZaadb|2615
gnl|ECaadb|3787	gnl|RZaadb|1100
gnl|ECaadb|3788	gnl|RZaadb|1694
gnl|ECaadb|3794	gnl|RZaadb|1734
gnl|ECaadb|3799	gnl|RZaadb|2924
gnl|ECaadb|3802	gnl|RZaadb|4935
gnl|ECaadb|3803	gnl|RZaadb|4937
gnl|ECaadb|3812	gnl|RZaadb|5264
gnl|ECaadb|3814	gnl|RZaadb|3992
gnl|ECaadb|3821	gnl|RZaadb|2029
gnl|ECaadb|3847	gnl|RZaadb|3905
gnl|ECaadb|3856	gnl|RZaadb|1974
gnl|ECaadb|3857	gnl|RZaadb|1427
gnl|ECaadb|386	gnl|RZaadb|596
gnl|ECaadb|3877	gnl|RZaadb|3281
gnl|ECaadb|387	gnl|RZaadb|4501
gnl|ECaadb|3891	gnl|RZaadb|3371
gnl|ECaadb|3896	gnl|RZaadb|284
gnl|ECaadb|3897	gnl|RZaadb|3451
gnl|ECaadb|3898	gnl|RZaadb|5554
gnl|ECaadb|3904	gnl|RZaadb|1195
gnl|ECaadb|3906	gnl|RZaadb|78
gnl|ECaadb|3910	gnl|RZaadb|1146
gnl|ECaadb|3911	gnl|RZaadb|5135
gnl|ECaadb|393	gnl|RZaadb|48
gnl|ECaadb|394	gnl|RZaadb|609
gnl|ECaadb|395	gnl|RZaadb|1215
gnl|ECaadb|400	gnl|RZaadb|5261
gnl|ECaadb|403	gnl|RZaadb|545
gnl|ECaadb|4057	gnl|RZaadb|900
gnl|ECaadb|406	gnl|RZaadb|7
gnl|ECaadb|407	gnl|RZaadb|1566
gnl|ECaadb|408	gnl|RZaadb|839
gnl|ECaadb|4117	gnl|RZaadb|2267
gnl|ECaadb|4122	gnl|RZaadb|535
gnl|ECaadb|4132	gnl|RZaadb|2816
gnl|ECaadb|4135	gnl|RZaadb|5156
gnl|ECaadb|4139	gnl|RZaadb|1597
gnl|ECaadb|4141	gnl|RZaadb|4459
gnl|ECaadb|4142	gnl|RZaadb|107
gnl|ECaadb|414	gnl|RZaadb|3433
gnl|ECaadb|4152	gnl|RZaadb|5046
gnl|ECaadb|4154	gnl|RZaadb|5512
gnl|ECaadb|4155	gnl|RZaadb|3118
gnl|ECaadb|4165	gnl|RZaadb|1932
gnl|ECaadb|4169	gnl|RZaadb|5315
gnl|ECaadb|4175	gnl|RZaadb|4457
gnl|ECaadb|417	gnl|RZaadb|4998
gnl|ECaadb|4182	gnl|RZaadb|642
gnl|ECaadb|4183	gnl|RZaadb|2405
gnl|ECaadb|4192	gnl|RZaadb|4868
gnl|ECaadb|4194	gnl|RZaadb|5159
gnl|ECaadb|4195	gnl|RZaadb|3097
gnl|ECaadb|4198	gnl|RZaadb|5668
gnl|ECaadb|41	gnl|RZaadb|728
gnl|ECaadb|4201	gnl|RZaadb|646
gnl|ECaadb|4202	gnl|RZaadb|5320
gnl|ECaadb|4204	gnl|RZaadb|2919
gnl|ECaadb|4205	gnl|RZaadb|2599
gnl|ECaadb|4209	gnl|RZaadb|5709
gnl|ECaadb|4210	gnl|RZaadb|2745
gnl|ECaadb|4215	gnl|RZaadb|1550
gnl|ECaadb|4217	gnl|RZaadb|2808
gnl|ECaadb|4218	gnl|RZaadb|2347
gnl|ECaadb|4220	gnl|RZaadb|1388
gnl|ECaadb|4221	gnl|RZaadb|1503
gnl|ECaadb|4223	gnl|RZaadb|1666
gnl|ECaadb|4224	gnl|RZaadb|3357
gnl|ECaadb|4229	gnl|RZaadb|1553
gnl|ECaadb|4237	gnl|RZaadb|809
gnl|ECaadb|4241	gnl|RZaadb|5279
gnl|ECaadb|4244	gnl|RZaadb|3276
gnl|ECaadb|4247	gnl|RZaadb|53
gnl|ECaadb|424	gnl|RZaadb|618
gnl|ECaadb|4265	gnl|RZaadb|4511
gnl|ECaadb|427	gnl|RZaadb|462
gnl|ECaadb|4283	gnl|RZaadb|161
gnl|ECaadb|428	gnl|RZaadb|4092
gnl|ECaadb|429	gnl|RZaadb|2603
gnl|ECaadb|430	gnl|RZaadb|5078
gnl|ECaadb|433	gnl|RZaadb|3208
gnl|ECaadb|434	gnl|RZaadb|3759
gnl|ECaadb|436	gnl|RZaadb|3404
gnl|ECaadb|442	gnl|RZaadb|548
gnl|ECaadb|448	gnl|RZaadb|4473
gnl|ECaadb|449	gnl|RZaadb|4378
gnl|ECaadb|450	gnl|RZaadb|1558
gnl|ECaadb|456	gnl|RZaadb|1434
gnl|ECaadb|459	gnl|RZaadb|4058
gnl|ECaadb|466	gnl|RZaadb|1891
gnl|ECaadb|470	gnl|RZaadb|3517
gnl|ECaadb|471	gnl|RZaadb|5062
gnl|ECaadb|472	gnl|RZaadb|581
gnl|ECaadb|474	gnl|RZaadb|197
gnl|ECaadb|478	gnl|RZaadb|5927
gnl|ECaadb|488	gnl|RZaadb|2504
gnl|ECaadb|48	gnl|RZaadb|474
gnl|ECaadb|490	gnl|RZaadb|3399
gnl|ECaadb|49	gnl|RZaadb|2790
gnl|ECaadb|4	gnl|RZaadb|3030
gnl|ECaadb|50	gnl|RZaadb|1197
gnl|ECaadb|512	gnl|RZaadb|5833
gnl|ECaadb|549	gnl|RZaadb|3878
gnl|ECaadb|551	gnl|RZaadb|2308
gnl|ECaadb|556	gnl|RZaadb|4297
gnl|ECaadb|566	gnl|RZaadb|1804
gnl|ECaadb|574	gnl|RZaadb|781
gnl|ECaadb|580	gnl|RZaadb|4281
gnl|ECaadb|589	gnl|RZaadb|3350
gnl|ECaadb|597	gnl|RZaadb|3346
gnl|ECaadb|598	gnl|RZaadb|606
gnl|ECaadb|599	gnl|RZaadb|3345
gnl|ECaadb|604	gnl|RZaadb|4329
gnl|ECaadb|610	gnl|RZaadb|772
gnl|ECaadb|617	gnl|RZaadb|3522
gnl|ECaadb|618	gnl|RZaadb|3521
gnl|ECaadb|619	gnl|RZaadb|4619
gnl|ECaadb|620	gnl|RZaadb|6001
gnl|ECaadb|621	gnl|RZaadb|4620
gnl|ECaadb|622	gnl|RZaadb|4621
gnl|ECaadb|623	gnl|RZaadb|4622
gnl|ECaadb|630	gnl|RZaadb|1711
gnl|ECaadb|633	gnl|RZaadb|4892
gnl|ECaadb|634	gnl|RZaadb|4893
gnl|ECaadb|635	gnl|RZaadb|5051
gnl|ECaadb|642	gnl|RZaadb|560
gnl|ECaadb|643	gnl|RZaadb|4400
gnl|ECaadb|645	gnl|RZaadb|4402
gnl|ECaadb|646	gnl|RZaadb|580
gnl|ECaadb|647	gnl|RZaadb|1548
gnl|ECaadb|648	gnl|RZaadb|4410
gnl|ECaadb|649	gnl|RZaadb|4406
gnl|ECaadb|650	gnl|RZaadb|4408
gnl|ECaadb|654	gnl|RZaadb|3774
gnl|ECaadb|655	gnl|RZaadb|3773
gnl|ECaadb|657	gnl|RZaadb|179
gnl|ECaadb|658	gnl|RZaadb|178
gnl|ECaadb|664	gnl|RZaadb|4714
gnl|ECaadb|668	gnl|RZaadb|5341
gnl|ECaadb|669	gnl|RZaadb|3464
gnl|ECaadb|66	gnl|RZaadb|5674
gnl|ECaadb|670	gnl|RZaadb|4331
gnl|ECaadb|673	gnl|RZaadb|792
gnl|ECaadb|677	gnl|RZaadb|878
gnl|ECaadb|678	gnl|RZaadb|1582
gnl|ECaadb|679	gnl|RZaadb|5943
gnl|ECaadb|67	gnl|RZaadb|4366
gnl|ECaadb|68	gnl|RZaadb|919
gnl|ECaadb|695	gnl|RZaadb|2025
gnl|ECaadb|696	gnl|RZaadb|3088
gnl|ECaadb|697	gnl|RZaadb|779
gnl|ECaadb|700	gnl|RZaadb|466
gnl|ECaadb|706	gnl|RZaadb|2502
gnl|ECaadb|707	gnl|RZaadb|2501
gnl|ECaadb|708	gnl|RZaadb|2500
gnl|ECaadb|709	gnl|RZaadb|2499
gnl|ECaadb|710	gnl|RZaadb|2498
gnl|ECaadb|727	gnl|RZaadb|3425
gnl|ECaadb|72	gnl|RZaadb|481
gnl|ECaadb|739	gnl|RZaadb|861
gnl|ECaadb|740	gnl|RZaadb|1908
gnl|ECaadb|742	gnl|RZaadb|4662
gnl|ECaadb|743	gnl|RZaadb|3442
gnl|ECaadb|750	gnl|RZaadb|2364
gnl|ECaadb|75	gnl|RZaadb|1385
gnl|ECaadb|767	gnl|RZaadb|1118
gnl|ECaadb|768	gnl|RZaadb|3166
gnl|ECaadb|769	gnl|RZaadb|1119
gnl|ECaadb|770	gnl|RZaadb|3165
gnl|ECaadb|773	gnl|RZaadb|5774
gnl|ECaadb|780	gnl|RZaadb|5377
gnl|ECaadb|784	gnl|RZaadb|3884
gnl|ECaadb|785	gnl|RZaadb|4072
gnl|ECaadb|78	gnl|RZaadb|5857
gnl|ECaadb|795	gnl|RZaadb|1782
gnl|ECaadb|796	gnl|RZaadb|13
gnl|ECaadb|79	gnl|RZaadb|2298
gnl|ECaadb|800	gnl|RZaadb|2356
gnl|ECaadb|801	gnl|RZaadb|4068
gnl|ECaadb|804	gnl|RZaadb|2597
gnl|ECaadb|805	gnl|RZaadb|1744
gnl|ECaadb|80	gnl|RZaadb|112
gnl|ECaadb|81	gnl|RZaadb|1382
gnl|ECaadb|820	gnl|RZaadb|3081
gnl|ECaadb|822	gnl|RZaadb|3532
gnl|ECaadb|823	gnl|RZaadb|1034
gnl|ECaadb|824	gnl|RZaadb|12
gnl|ECaadb|826	gnl|RZaadb|275
gnl|ECaadb|828	gnl|RZaadb|3050
gnl|ECaadb|829	gnl|RZaadb|950
gnl|ECaadb|830	gnl|RZaadb|3487
gnl|ECaadb|839	gnl|RZaadb|1409
gnl|ECaadb|83	gnl|RZaadb|1381
gnl|ECaadb|840	gnl|RZaadb|3995
gnl|ECaadb|843	gnl|RZaadb|278
gnl|ECaadb|844	gnl|RZaadb|2860
gnl|ECaadb|847	gnl|RZaadb|5899
gnl|ECaadb|84	gnl|RZaadb|1380
gnl|ECaadb|857	gnl|RZaadb|3262
gnl|ECaadb|85	gnl|RZaadb|2297
gnl|ECaadb|866	gnl|RZaadb|3501
gnl|ECaadb|877	gnl|RZaadb|2647
gnl|ECaadb|880	gnl|RZaadb|2012
gnl|ECaadb|89	gnl|RZaadb|108
gnl|ECaadb|8	gnl|RZaadb|103
gnl|ECaadb|911	gnl|RZaadb|1614
gnl|ECaadb|918	gnl|RZaadb|5337
gnl|ECaadb|91	gnl|RZaadb|4482
gnl|ECaadb|923	gnl|RZaadb|5207
gnl|ECaadb|924	gnl|RZaadb|5412
gnl|ECaadb|925	gnl|RZaadb|4066
gnl|ECaadb|938	gnl|RZaadb|4048
gnl|ECaadb|957	gnl|RZaadb|2913
gnl|ECaadb|95	gnl|RZaadb|1012
gnl|ECaadb|966	gnl|RZaadb|3295
gnl|ECaadb|970	gnl|RZaadb|257
gnl|ECaadb|973	gnl|RZaadb|3343
gnl|ECaadb|978	gnl|RZaadb|1110
gnl|ECaadb|980	gnl|RZaadb|3187
gnl|ECaadb|982	gnl|RZaadb|883
gnl|ECaadb|984	gnl|RZaadb|1113
gnl|ECaadb|990	gnl|RZaadb|1298
gnl|ECaadb|993	gnl|RZaadb|9
gnl|ECaadb|994	gnl|RZaadb|5442
gnl|ECaadb|995	gnl|RZaadb|5441
gnl|ECaadb|996	gnl|RZaadb|2792
gnl|ECaadb|997	gnl|RZaadb|957
gnl|ECaadb|998	gnl|RZaadb|15
gnl|ECaadb|999	gnl|RZaadb|657
