gnl|RZaadb|190
gnl|RZaadb|3087
gnl|RZaadb|3030
gnl|RZaadb|4523
gnl|RZaadb|103
gnl|RZaadb|3088
gnl|RZaadb|4806
gnl|RZaadb|228
gnl|RZaadb|229
gnl|RZaadb|2183
gnl|RZaadb|1651
gnl|RZaadb|2894
gnl|RZaadb|5713
gnl|RZaadb|4427
gnl|RZaadb|5413
gnl|RZaadb|672
gnl|RZaadb|4126
gnl|RZaadb|5508
gnl|RZaadb|5507
gnl|RZaadb|3336
gnl|RZaadb|3640
gnl|RZaadb|3036
gnl|RZaadb|2087
gnl|RZaadb|3463
gnl|RZaadb|1401
gnl|RZaadb|2352
gnl|RZaadb|4295
gnl|RZaadb|2215
gnl|RZaadb|5771
gnl|RZaadb|3288
gnl|RZaadb|2311
gnl|RZaadb|4947
gnl|RZaadb|5670
gnl|RZaadb|552
gnl|RZaadb|729
gnl|RZaadb|728
gnl|RZaadb|551
gnl|RZaadb|2442
gnl|RZaadb|3410
gnl|RZaadb|3102
gnl|RZaadb|6097
gnl|RZaadb|2493
gnl|RZaadb|474
gnl|RZaadb|2790
gnl|RZaadb|1197
gnl|RZaadb|188
gnl|RZaadb|188
gnl|RZaadb|2789
gnl|RZaadb|2789
gnl|RZaadb|2301
gnl|RZaadb|1298
gnl|RZaadb|4447
gnl|RZaadb|4447
gnl|RZaadb|4493
gnl|RZaadb|4054
gnl|RZaadb|3875
gnl|RZaadb|5281
gnl|RZaadb|2147
gnl|RZaadb|4625
gnl|RZaadb|4829
gnl|RZaadb|4617
gnl|RZaadb|4617
gnl|RZaadb|4312
gnl|RZaadb|5906
gnl|RZaadb|5674
gnl|RZaadb|4366
gnl|RZaadb|919
gnl|RZaadb|2807
gnl|RZaadb|1548
gnl|RZaadb|512
gnl|RZaadb|481
gnl|RZaadb|2444
gnl|RZaadb|936
gnl|RZaadb|1385
gnl|RZaadb|1383
gnl|RZaadb|5857
gnl|RZaadb|2298
gnl|RZaadb|112
gnl|RZaadb|1382
gnl|RZaadb|111
gnl|RZaadb|1381
gnl|RZaadb|1380
gnl|RZaadb|2297
gnl|RZaadb|2296
gnl|RZaadb|109
gnl|RZaadb|1346
gnl|RZaadb|108
gnl|RZaadb|4482
gnl|RZaadb|1527
gnl|RZaadb|3239
gnl|RZaadb|4073
gnl|RZaadb|1012
gnl|RZaadb|1126
gnl|RZaadb|1126
gnl|RZaadb|4957
gnl|RZaadb|5296
gnl|RZaadb|1459
gnl|RZaadb|1673
gnl|RZaadb|5377
gnl|RZaadb|3412
gnl|RZaadb|4665
gnl|RZaadb|1828
gnl|RZaadb|2032
gnl|RZaadb|4784
gnl|RZaadb|4784
gnl|RZaadb|4784
gnl|RZaadb|4414
gnl|RZaadb|3530
gnl|RZaadb|4366
gnl|RZaadb|4366
gnl|RZaadb|5612
gnl|RZaadb|1395
gnl|RZaadb|1660
gnl|RZaadb|2374
gnl|RZaadb|5449
gnl|RZaadb|5449
gnl|RZaadb|2904
gnl|RZaadb|164
gnl|RZaadb|954
gnl|RZaadb|2074
gnl|RZaadb|546
gnl|RZaadb|227
gnl|RZaadb|2468
gnl|RZaadb|4866
gnl|RZaadb|1498
gnl|RZaadb|3647
gnl|RZaadb|3648
gnl|RZaadb|6036
gnl|RZaadb|2307
gnl|RZaadb|1048
gnl|RZaadb|3027
gnl|RZaadb|1070
gnl|RZaadb|4595
gnl|RZaadb|1475
gnl|RZaadb|1309
gnl|RZaadb|2386
gnl|RZaadb|5136
gnl|RZaadb|673
gnl|RZaadb|1522
gnl|RZaadb|467
gnl|RZaadb|1030
gnl|RZaadb|3484
gnl|RZaadb|4130
gnl|RZaadb|1655
gnl|RZaadb|4125
gnl|RZaadb|4126
gnl|RZaadb|3536
gnl|RZaadb|4921
gnl|RZaadb|324
gnl|RZaadb|3503
gnl|RZaadb|2026
gnl|RZaadb|3393
gnl|RZaadb|1738
gnl|RZaadb|5188
gnl|RZaadb|3941
gnl|RZaadb|5208
gnl|RZaadb|5037
gnl|RZaadb|3322
gnl|RZaadb|3342
gnl|RZaadb|310
gnl|RZaadb|674
gnl|RZaadb|742
gnl|RZaadb|557
gnl|RZaadb|558
gnl|RZaadb|4433
gnl|RZaadb|1788
gnl|RZaadb|1789
gnl|RZaadb|1790
gnl|RZaadb|1790
gnl|RZaadb|1791
gnl|RZaadb|2654
gnl|RZaadb|1792
gnl|RZaadb|559
gnl|RZaadb|1793
gnl|RZaadb|1795
gnl|RZaadb|3091
gnl|RZaadb|2625
gnl|RZaadb|4456
gnl|RZaadb|3520
gnl|RZaadb|3767
gnl|RZaadb|5024
gnl|RZaadb|2011
gnl|RZaadb|3629
gnl|RZaadb|1017
gnl|RZaadb|2705
gnl|RZaadb|199
gnl|RZaadb|2626
gnl|RZaadb|2626
gnl|RZaadb|5665
gnl|RZaadb|392
gnl|RZaadb|3760
gnl|RZaadb|3762
gnl|RZaadb|3761
gnl|RZaadb|4823
gnl|RZaadb|5683
gnl|RZaadb|2275
gnl|RZaadb|2496
gnl|RZaadb|3357
gnl|RZaadb|2827
gnl|RZaadb|4465
gnl|RZaadb|5700
gnl|RZaadb|949
gnl|RZaadb|1013
gnl|RZaadb|5799
gnl|RZaadb|4486
gnl|RZaadb|2538
gnl|RZaadb|4786
gnl|RZaadb|4820
gnl|RZaadb|314
gnl|RZaadb|5938
gnl|RZaadb|1056
gnl|RZaadb|1564
gnl|RZaadb|3445
gnl|RZaadb|1210
gnl|RZaadb|4205
gnl|RZaadb|942
gnl|RZaadb|744
gnl|RZaadb|1306
gnl|RZaadb|1891
gnl|RZaadb|921
gnl|RZaadb|2974
gnl|RZaadb|3242
gnl|RZaadb|5676
gnl|RZaadb|4302
gnl|RZaadb|3532
gnl|RZaadb|724
gnl|RZaadb|1755
gnl|RZaadb|2675
gnl|RZaadb|1535
gnl|RZaadb|416
gnl|RZaadb|1680
gnl|RZaadb|3229
gnl|RZaadb|4274
gnl|RZaadb|2466
gnl|RZaadb|5264
gnl|RZaadb|1166
gnl|RZaadb|4665
gnl|RZaadb|4923
gnl|RZaadb|1862
gnl|RZaadb|2022
gnl|RZaadb|5413
gnl|RZaadb|5174
gnl|RZaadb|2826
gnl|RZaadb|2599
gnl|RZaadb|4793
gnl|RZaadb|5986
gnl|RZaadb|3094
gnl|RZaadb|3516
gnl|RZaadb|2022
gnl|RZaadb|5413
gnl|RZaadb|5485
gnl|RZaadb|6102
gnl|RZaadb|5283
gnl|RZaadb|1733
gnl|RZaadb|1425
gnl|RZaadb|2422
gnl|RZaadb|2421
gnl|RZaadb|2421
gnl|RZaadb|4598
gnl|RZaadb|3107
gnl|RZaadb|3992
gnl|RZaadb|5975
gnl|RZaadb|5695
gnl|RZaadb|5506
gnl|RZaadb|4506
gnl|RZaadb|3811
gnl|RZaadb|1741
gnl|RZaadb|29
gnl|RZaadb|6091
gnl|RZaadb|804
gnl|RZaadb|5178
gnl|RZaadb|4626
gnl|RZaadb|4128
gnl|RZaadb|5512
gnl|RZaadb|5512
gnl|RZaadb|5031
gnl|RZaadb|2100
gnl|RZaadb|2961
gnl|RZaadb|5957
gnl|RZaadb|1164
gnl|RZaadb|4873
gnl|RZaadb|5204
gnl|RZaadb|1239
gnl|RZaadb|5966
gnl|RZaadb|4576
gnl|RZaadb|4576
gnl|RZaadb|4683
gnl|RZaadb|4408
gnl|RZaadb|1962
gnl|RZaadb|3517
gnl|RZaadb|3799
gnl|RZaadb|351
gnl|RZaadb|2095
gnl|RZaadb|458
gnl|RZaadb|2284
gnl|RZaadb|1730
gnl|RZaadb|1730
gnl|RZaadb|1274
gnl|RZaadb|5951
gnl|RZaadb|560
gnl|RZaadb|3536
gnl|RZaadb|4283
gnl|RZaadb|4005
gnl|RZaadb|3799
gnl|RZaadb|3649
gnl|RZaadb|954
gnl|RZaadb|3629
gnl|RZaadb|3368
gnl|RZaadb|3368
gnl|RZaadb|3433
gnl|RZaadb|2996
gnl|RZaadb|5165
gnl|RZaadb|345
gnl|RZaadb|4582
gnl|RZaadb|1821
gnl|RZaadb|108
gnl|RZaadb|6002
gnl|RZaadb|890
gnl|RZaadb|191
gnl|RZaadb|2807
gnl|RZaadb|3274
gnl|RZaadb|3557
gnl|RZaadb|1625
gnl|RZaadb|5988
gnl|RZaadb|860
gnl|RZaadb|6177
gnl|RZaadb|804
gnl|RZaadb|5647
gnl|RZaadb|3149
gnl|RZaadb|4841
gnl|RZaadb|4842
gnl|RZaadb|4843
gnl|RZaadb|4668
gnl|RZaadb|2760
gnl|RZaadb|804
gnl|RZaadb|6091
gnl|RZaadb|493
gnl|RZaadb|5404
gnl|RZaadb|1426
gnl|RZaadb|3985
gnl|RZaadb|4076
gnl|RZaadb|4683
gnl|RZaadb|2297
gnl|RZaadb|883
gnl|RZaadb|5672
gnl|RZaadb|1542
gnl|RZaadb|71
gnl|RZaadb|2370
gnl|RZaadb|5334
gnl|RZaadb|4457
gnl|RZaadb|3817
gnl|RZaadb|5189
gnl|RZaadb|295
gnl|RZaadb|4070
gnl|RZaadb|5810
gnl|RZaadb|1185
gnl|RZaadb|3012
gnl|RZaadb|926
gnl|RZaadb|241
gnl|RZaadb|3268
gnl|RZaadb|4804
gnl|RZaadb|4665
gnl|RZaadb|3998
gnl|RZaadb|5453
gnl|RZaadb|1857
gnl|RZaadb|1858
gnl|RZaadb|573
gnl|RZaadb|3210
gnl|RZaadb|3210
gnl|RZaadb|3210
gnl|RZaadb|3210
gnl|RZaadb|3511
gnl|RZaadb|2222
gnl|RZaadb|5165
gnl|RZaadb|16
gnl|RZaadb|2748
gnl|RZaadb|2748
gnl|RZaadb|319
gnl|RZaadb|840
gnl|RZaadb|3691
gnl|RZaadb|1878
gnl|RZaadb|4479
gnl|RZaadb|3066
gnl|RZaadb|5680
gnl|RZaadb|14
gnl|RZaadb|4293
gnl|RZaadb|1520
gnl|RZaadb|5885
gnl|RZaadb|5227
gnl|RZaadb|1404
gnl|RZaadb|5493
gnl|RZaadb|595
gnl|RZaadb|596
gnl|RZaadb|4501
gnl|RZaadb|5707
gnl|RZaadb|3909
gnl|RZaadb|5895
gnl|RZaadb|570
gnl|RZaadb|48
gnl|RZaadb|609
gnl|RZaadb|1215
gnl|RZaadb|17
gnl|RZaadb|1906
gnl|RZaadb|3075
gnl|RZaadb|3654
gnl|RZaadb|5261
gnl|RZaadb|3442
gnl|RZaadb|2269
gnl|RZaadb|545
gnl|RZaadb|5897
gnl|RZaadb|4496
gnl|RZaadb|7
gnl|RZaadb|1566
gnl|RZaadb|839
gnl|RZaadb|3751
gnl|RZaadb|5143
gnl|RZaadb|4833
gnl|RZaadb|1141
gnl|RZaadb|2856
gnl|RZaadb|3433
gnl|RZaadb|3768
gnl|RZaadb|3417
gnl|RZaadb|4998
gnl|RZaadb|1474
gnl|RZaadb|5144
gnl|RZaadb|2104
gnl|RZaadb|2041
gnl|RZaadb|1054
gnl|RZaadb|1369
gnl|RZaadb|618
gnl|RZaadb|3491
gnl|RZaadb|461
gnl|RZaadb|462
gnl|RZaadb|4092
gnl|RZaadb|2603
gnl|RZaadb|5078
gnl|RZaadb|2412
gnl|RZaadb|3486
gnl|RZaadb|3208
gnl|RZaadb|3759
gnl|RZaadb|5975
gnl|RZaadb|3404
gnl|RZaadb|1546
gnl|RZaadb|5045
gnl|RZaadb|4733
gnl|RZaadb|916
gnl|RZaadb|3518
gnl|RZaadb|548
gnl|RZaadb|841
gnl|RZaadb|5079
gnl|RZaadb|1393
gnl|RZaadb|6102
gnl|RZaadb|4360
gnl|RZaadb|4473
gnl|RZaadb|4378
gnl|RZaadb|1558
gnl|RZaadb|4377
gnl|RZaadb|4377
gnl|RZaadb|3681
gnl|RZaadb|5382
gnl|RZaadb|2224
gnl|RZaadb|3232
gnl|RZaadb|1434
gnl|RZaadb|3094
gnl|RZaadb|2267
gnl|RZaadb|4058
gnl|RZaadb|2058
gnl|RZaadb|4005
gnl|RZaadb|2539
gnl|RZaadb|2984
gnl|RZaadb|6001
gnl|RZaadb|1663
gnl|RZaadb|1891
gnl|RZaadb|4104
gnl|RZaadb|4408
gnl|RZaadb|3684
gnl|RZaadb|3517
gnl|RZaadb|5062
gnl|RZaadb|581
gnl|RZaadb|1313
gnl|RZaadb|197
gnl|RZaadb|2801
gnl|RZaadb|2877
gnl|RZaadb|4546
gnl|RZaadb|5927
gnl|RZaadb|1468
gnl|RZaadb|2537
gnl|RZaadb|4597
gnl|RZaadb|969
gnl|RZaadb|633
gnl|RZaadb|1087
gnl|RZaadb|2729
gnl|RZaadb|6091
gnl|RZaadb|804
gnl|RZaadb|2504
gnl|RZaadb|1316
gnl|RZaadb|3399
gnl|RZaadb|3400
gnl|RZaadb|3297
gnl|RZaadb|3753
gnl|RZaadb|3542
gnl|RZaadb|1316
gnl|RZaadb|1863
gnl|RZaadb|1166
gnl|RZaadb|2267
gnl|RZaadb|2971
gnl|RZaadb|5281
gnl|RZaadb|4426
gnl|RZaadb|5376
gnl|RZaadb|416
gnl|RZaadb|3400
gnl|RZaadb|4289
gnl|RZaadb|3400
gnl|RZaadb|5507
gnl|RZaadb|5870
gnl|RZaadb|861
gnl|RZaadb|3268
gnl|RZaadb|5833
gnl|RZaadb|4795
gnl|RZaadb|4603
gnl|RZaadb|4007
gnl|RZaadb|2278
gnl|RZaadb|4665
gnl|RZaadb|1369
gnl|RZaadb|576
gnl|RZaadb|5534
gnl|RZaadb|4442
gnl|RZaadb|2183
gnl|RZaadb|5578
gnl|RZaadb|2399
gnl|RZaadb|2046
gnl|RZaadb|4119
gnl|RZaadb|3437
gnl|RZaadb|3437
gnl|RZaadb|1655
gnl|RZaadb|3992
gnl|RZaadb|3992
gnl|RZaadb|5563
gnl|RZaadb|2026
gnl|RZaadb|2398
gnl|RZaadb|3058
gnl|RZaadb|3708
gnl|RZaadb|173
gnl|RZaadb|4702
gnl|RZaadb|2567
gnl|RZaadb|3125
gnl|RZaadb|1408
gnl|RZaadb|4278
gnl|RZaadb|1189
gnl|RZaadb|1903
gnl|RZaadb|3013
gnl|RZaadb|1247
gnl|RZaadb|2356
gnl|RZaadb|5602
gnl|RZaadb|3878
gnl|RZaadb|244
gnl|RZaadb|2308
gnl|RZaadb|5483
gnl|RZaadb|2730
gnl|RZaadb|1513
gnl|RZaadb|4297
gnl|RZaadb|4076
gnl|RZaadb|2128
gnl|RZaadb|4871
gnl|RZaadb|3988
gnl|RZaadb|2393
gnl|RZaadb|871
gnl|RZaadb|4
gnl|RZaadb|1299
gnl|RZaadb|1804
gnl|RZaadb|3657
gnl|RZaadb|1938
gnl|RZaadb|3988
gnl|RZaadb|6108
gnl|RZaadb|1899
gnl|RZaadb|111
gnl|RZaadb|1383
gnl|RZaadb|781
gnl|RZaadb|780
gnl|RZaadb|3464
gnl|RZaadb|5942
gnl|RZaadb|4936
gnl|RZaadb|3930
gnl|RZaadb|4281
gnl|RZaadb|2603
gnl|RZaadb|3253
gnl|RZaadb|3253
gnl|RZaadb|3253
gnl|RZaadb|3253
gnl|RZaadb|5064
gnl|RZaadb|3011
gnl|RZaadb|3253
gnl|RZaadb|3253
gnl|RZaadb|3882
gnl|RZaadb|3476
gnl|RZaadb|228
gnl|RZaadb|3350
gnl|RZaadb|1779
gnl|RZaadb|5626
gnl|RZaadb|4897
gnl|RZaadb|3523
gnl|RZaadb|1166
gnl|RZaadb|3348
gnl|RZaadb|3347
gnl|RZaadb|3346
gnl|RZaadb|606
gnl|RZaadb|3345
gnl|RZaadb|4361
gnl|RZaadb|4697
gnl|RZaadb|1133
gnl|RZaadb|5365
gnl|RZaadb|4329
gnl|RZaadb|4331
gnl|RZaadb|1065
gnl|RZaadb|4474
gnl|RZaadb|2399
gnl|RZaadb|2714
gnl|RZaadb|772
gnl|RZaadb|3091
gnl|RZaadb|4189
gnl|RZaadb|2940
gnl|RZaadb|68
gnl|RZaadb|4492
gnl|RZaadb|3522
gnl|RZaadb|3521
gnl|RZaadb|4619
gnl|RZaadb|6001
gnl|RZaadb|4620
gnl|RZaadb|4621
gnl|RZaadb|4622
gnl|RZaadb|2832
gnl|RZaadb|3681
gnl|RZaadb|5994
gnl|RZaadb|4795
gnl|RZaadb|4482
gnl|RZaadb|2631
gnl|RZaadb|1711
gnl|RZaadb|788
gnl|RZaadb|5924
gnl|RZaadb|4892
gnl|RZaadb|4893
gnl|RZaadb|5051
gnl|RZaadb|1059
gnl|RZaadb|4022
gnl|RZaadb|4156
gnl|RZaadb|2108
gnl|RZaadb|1646
gnl|RZaadb|1815
gnl|RZaadb|560
gnl|RZaadb|4400
gnl|RZaadb|4401
gnl|RZaadb|4402
gnl|RZaadb|580
gnl|RZaadb|1548
gnl|RZaadb|4410
gnl|RZaadb|4406
gnl|RZaadb|4408
gnl|RZaadb|1579
gnl|RZaadb|34
gnl|RZaadb|4141
gnl|RZaadb|3774
gnl|RZaadb|3773
gnl|RZaadb|3102
gnl|RZaadb|179
gnl|RZaadb|178
gnl|RZaadb|5029
gnl|RZaadb|5026
gnl|RZaadb|1479
gnl|RZaadb|5025
gnl|RZaadb|4714
gnl|RZaadb|2360
gnl|RZaadb|2906
gnl|RZaadb|5554
gnl|RZaadb|5341
gnl|RZaadb|3464
gnl|RZaadb|4331
gnl|RZaadb|3720
gnl|RZaadb|2793
gnl|RZaadb|792
gnl|RZaadb|896
gnl|RZaadb|896
gnl|RZaadb|4301
gnl|RZaadb|878
gnl|RZaadb|1582
gnl|RZaadb|5943
gnl|RZaadb|2269
gnl|RZaadb|2979
gnl|RZaadb|3649
gnl|RZaadb|422
gnl|RZaadb|3066
gnl|RZaadb|4366
gnl|RZaadb|1949
gnl|RZaadb|3399
gnl|RZaadb|2404
gnl|RZaadb|5764
gnl|RZaadb|2346
gnl|RZaadb|2121
gnl|RZaadb|2095
gnl|RZaadb|5353
gnl|RZaadb|4668
gnl|RZaadb|2025
gnl|RZaadb|3088
gnl|RZaadb|779
gnl|RZaadb|1199
gnl|RZaadb|5452
gnl|RZaadb|466
gnl|RZaadb|4730
gnl|RZaadb|5040
gnl|RZaadb|4598
gnl|RZaadb|3976
gnl|RZaadb|2502
gnl|RZaadb|2501
gnl|RZaadb|2500
gnl|RZaadb|2499
gnl|RZaadb|2498
gnl|RZaadb|5398
gnl|RZaadb|3559
gnl|RZaadb|1850
gnl|RZaadb|219
gnl|RZaadb|4104
gnl|RZaadb|3384
gnl|RZaadb|1733
gnl|RZaadb|4589
gnl|RZaadb|4130
gnl|RZaadb|4130
gnl|RZaadb|5132
gnl|RZaadb|6123
gnl|RZaadb|1889
gnl|RZaadb|1276
gnl|RZaadb|5622
gnl|RZaadb|540
gnl|RZaadb|1808
gnl|RZaadb|3425
gnl|RZaadb|3736
gnl|RZaadb|6083
gnl|RZaadb|3885
gnl|RZaadb|5660
gnl|RZaadb|3115
gnl|RZaadb|5453
gnl|RZaadb|5453
gnl|RZaadb|3211
gnl|RZaadb|2269
gnl|RZaadb|4307
gnl|RZaadb|3138
gnl|RZaadb|103
gnl|RZaadb|861
gnl|RZaadb|1908
gnl|RZaadb|2434
gnl|RZaadb|4662
gnl|RZaadb|3442
gnl|RZaadb|1661
gnl|RZaadb|3969
gnl|RZaadb|4251
gnl|RZaadb|2020
gnl|RZaadb|3345
gnl|RZaadb|4230
gnl|RZaadb|2364
gnl|RZaadb|4752
gnl|RZaadb|6108
gnl|RZaadb|2954
gnl|RZaadb|1583
gnl|RZaadb|1638
gnl|RZaadb|2369
gnl|RZaadb|2269
gnl|RZaadb|4244
gnl|RZaadb|1164
gnl|RZaadb|1072
gnl|RZaadb|764
gnl|RZaadb|1427
gnl|RZaadb|3378
gnl|RZaadb|5695
gnl|RZaadb|1118
gnl|RZaadb|3166
gnl|RZaadb|1119
gnl|RZaadb|3165
gnl|RZaadb|4278
gnl|RZaadb|3067
gnl|RZaadb|5774
gnl|RZaadb|355
gnl|RZaadb|541
gnl|RZaadb|540
gnl|RZaadb|1276
gnl|RZaadb|194
gnl|RZaadb|2037
gnl|RZaadb|5377
gnl|RZaadb|3384
gnl|RZaadb|3384
gnl|RZaadb|1502
gnl|RZaadb|3884
gnl|RZaadb|4072
gnl|RZaadb|419
gnl|RZaadb|4774
gnl|RZaadb|472
gnl|RZaadb|2637
gnl|RZaadb|1839
gnl|RZaadb|1840
gnl|RZaadb|4
gnl|RZaadb|1267
gnl|RZaadb|1782
gnl|RZaadb|13
gnl|RZaadb|1263
gnl|RZaadb|4735
gnl|RZaadb|3776
gnl|RZaadb|2356
gnl|RZaadb|4068
gnl|RZaadb|4362
gnl|RZaadb|4362
gnl|RZaadb|2597
gnl|RZaadb|1744
gnl|RZaadb|4162
gnl|RZaadb|1002
gnl|RZaadb|5407
gnl|RZaadb|1696
gnl|RZaadb|583
gnl|RZaadb|3522
gnl|RZaadb|1316
gnl|RZaadb|3410
gnl|RZaadb|2860
gnl|RZaadb|5168
gnl|RZaadb|101
gnl|RZaadb|4712
gnl|RZaadb|5649
gnl|RZaadb|5023
gnl|RZaadb|3081
gnl|RZaadb|4333
gnl|RZaadb|3532
gnl|RZaadb|1034
gnl|RZaadb|12
gnl|RZaadb|1796
gnl|RZaadb|275
gnl|RZaadb|5952
gnl|RZaadb|3050
gnl|RZaadb|950
gnl|RZaadb|3487
gnl|RZaadb|671
gnl|RZaadb|3505
gnl|RZaadb|1523
gnl|RZaadb|874
gnl|RZaadb|3263
gnl|RZaadb|4469
gnl|RZaadb|305
gnl|RZaadb|5071
gnl|RZaadb|1409
gnl|RZaadb|3995
gnl|RZaadb|5356
gnl|RZaadb|1513
gnl|RZaadb|278
gnl|RZaadb|2860
gnl|RZaadb|5768
gnl|RZaadb|4919
gnl|RZaadb|5899
gnl|RZaadb|4841
gnl|RZaadb|4813
gnl|RZaadb|3250
gnl|RZaadb|3493
gnl|RZaadb|4620
gnl|RZaadb|5695
gnl|RZaadb|5362
gnl|RZaadb|204
gnl|RZaadb|132
gnl|RZaadb|3262
gnl|RZaadb|2981
gnl|RZaadb|2822
gnl|RZaadb|3334
gnl|RZaadb|4332
gnl|RZaadb|4332
gnl|RZaadb|5416
gnl|RZaadb|5094
gnl|RZaadb|3443
gnl|RZaadb|2254
gnl|RZaadb|3501
gnl|RZaadb|1215
gnl|RZaadb|4266
gnl|RZaadb|267
gnl|RZaadb|2996
gnl|RZaadb|3306
gnl|RZaadb|5852
gnl|RZaadb|1027
gnl|RZaadb|5977
gnl|RZaadb|5977
gnl|RZaadb|276
gnl|RZaadb|5677
gnl|RZaadb|2647
gnl|RZaadb|193
gnl|RZaadb|3334
gnl|RZaadb|2012
gnl|RZaadb|4730
gnl|RZaadb|3076
gnl|RZaadb|1473
gnl|RZaadb|256
gnl|RZaadb|3018
gnl|RZaadb|5827
gnl|RZaadb|4051
gnl|RZaadb|3774
gnl|RZaadb|3773
gnl|RZaadb|2489
gnl|RZaadb|2489
gnl|RZaadb|6112
gnl|RZaadb|1445
gnl|RZaadb|6114
gnl|RZaadb|705
gnl|RZaadb|2022
gnl|RZaadb|4
gnl|RZaadb|4
gnl|RZaadb|990
gnl|RZaadb|5397
gnl|RZaadb|5397
gnl|RZaadb|3016
gnl|RZaadb|815
gnl|RZaadb|873
gnl|RZaadb|4162
gnl|RZaadb|692
gnl|RZaadb|5922
gnl|RZaadb|1614
gnl|RZaadb|5008
gnl|RZaadb|2741
gnl|RZaadb|4453
gnl|RZaadb|5009
gnl|RZaadb|5501
gnl|RZaadb|5337
gnl|RZaadb|576
gnl|RZaadb|3810
gnl|RZaadb|4680
gnl|RZaadb|6029
gnl|RZaadb|5207
gnl|RZaadb|5412
gnl|RZaadb|4066
gnl|RZaadb|151
gnl|RZaadb|1508
gnl|RZaadb|560
gnl|RZaadb|606
gnl|RZaadb|4109
gnl|RZaadb|983
gnl|RZaadb|2468
gnl|RZaadb|1955
gnl|RZaadb|71
gnl|RZaadb|804
gnl|RZaadb|6091
gnl|RZaadb|3439
gnl|RZaadb|4048
gnl|RZaadb|3410
gnl|RZaadb|1628
gnl|RZaadb|4412
gnl|RZaadb|4669
gnl|RZaadb|4406
gnl|RZaadb|4085
gnl|RZaadb|116
gnl|RZaadb|4222
gnl|RZaadb|4222
gnl|RZaadb|4222
gnl|RZaadb|4222
gnl|RZaadb|4222
gnl|RZaadb|1936
gnl|RZaadb|3598
gnl|RZaadb|4598
gnl|RZaadb|4464
gnl|RZaadb|203
gnl|RZaadb|4349
gnl|RZaadb|3892
gnl|RZaadb|947
gnl|RZaadb|2913
gnl|RZaadb|1322
gnl|RZaadb|5806
gnl|RZaadb|1547
gnl|RZaadb|3541
gnl|RZaadb|3515
gnl|RZaadb|2307
gnl|RZaadb|3295
gnl|RZaadb|3391
gnl|RZaadb|2770
gnl|RZaadb|1404
gnl|RZaadb|1404
gnl|RZaadb|257
gnl|RZaadb|3178
gnl|RZaadb|1395
gnl|RZaadb|3343
gnl|RZaadb|1013
gnl|RZaadb|1112
gnl|RZaadb|1109
gnl|RZaadb|1110
gnl|RZaadb|209
gnl|RZaadb|3187
gnl|RZaadb|883
gnl|RZaadb|883
gnl|RZaadb|994
gnl|RZaadb|1113
gnl|RZaadb|911
gnl|RZaadb|3186
gnl|RZaadb|2886
gnl|RZaadb|2613
gnl|RZaadb|2613
gnl|RZaadb|858
gnl|RZaadb|1298
gnl|RZaadb|1011
gnl|RZaadb|5144
gnl|RZaadb|9
gnl|RZaadb|5442
gnl|RZaadb|5441
gnl|RZaadb|2792
gnl|RZaadb|957
gnl|RZaadb|15
gnl|RZaadb|657
gnl|RZaadb|1281
gnl|RZaadb|5456
gnl|RZaadb|5329
gnl|RZaadb|1898
gnl|RZaadb|1895
gnl|RZaadb|2731
gnl|RZaadb|4130
gnl|RZaadb|1783
gnl|RZaadb|3342
gnl|RZaadb|1966
gnl|RZaadb|3542
gnl|RZaadb|5309
gnl|RZaadb|153
gnl|RZaadb|5212
gnl|RZaadb|4627
gnl|RZaadb|930
gnl|RZaadb|4328
gnl|RZaadb|3116
gnl|RZaadb|1851
gnl|RZaadb|1851
gnl|RZaadb|993
gnl|RZaadb|5432
gnl|RZaadb|70
gnl|RZaadb|5432
gnl|RZaadb|5810
gnl|RZaadb|4604
gnl|RZaadb|3000
gnl|RZaadb|1351
gnl|RZaadb|1118
gnl|RZaadb|3165
gnl|RZaadb|1119
gnl|RZaadb|1862
gnl|RZaadb|4615
gnl|RZaadb|2571
gnl|RZaadb|1179
gnl|RZaadb|1178
gnl|RZaadb|1970
gnl|RZaadb|4133
gnl|RZaadb|5784
gnl|RZaadb|2392
gnl|RZaadb|4993
gnl|RZaadb|4051
gnl|RZaadb|2973
gnl|RZaadb|2202
gnl|RZaadb|791
gnl|RZaadb|1028
gnl|RZaadb|3842
gnl|RZaadb|1192
gnl|RZaadb|4072
gnl|RZaadb|5317
gnl|RZaadb|2113
gnl|RZaadb|5634
gnl|RZaadb|4201
gnl|RZaadb|211
gnl|RZaadb|3803
gnl|RZaadb|3937
gnl|RZaadb|3618
gnl|RZaadb|5931
gnl|RZaadb|5813
gnl|RZaadb|186
gnl|RZaadb|1578
gnl|RZaadb|3535
gnl|RZaadb|1141
gnl|RZaadb|2560
gnl|RZaadb|4581
gnl|RZaadb|3875
gnl|RZaadb|3251
gnl|RZaadb|2944
gnl|RZaadb|1212
gnl|RZaadb|1668
gnl|RZaadb|4691
gnl|RZaadb|5733
gnl|RZaadb|3550
gnl|RZaadb|4677
gnl|RZaadb|3852
gnl|RZaadb|890
gnl|RZaadb|2876
gnl|RZaadb|3677
gnl|RZaadb|73
gnl|RZaadb|4205
gnl|RZaadb|4995
gnl|RZaadb|3631
gnl|RZaadb|2280
gnl|RZaadb|4110
gnl|RZaadb|4111
gnl|RZaadb|1488
gnl|RZaadb|6053
gnl|RZaadb|1386
gnl|RZaadb|1371
gnl|RZaadb|38
gnl|RZaadb|2537
gnl|RZaadb|2259
gnl|RZaadb|11
gnl|RZaadb|5582
gnl|RZaadb|5581
gnl|RZaadb|5072
gnl|RZaadb|5165
gnl|RZaadb|947
gnl|RZaadb|2378
gnl|RZaadb|3867
gnl|RZaadb|2984
gnl|RZaadb|619
gnl|RZaadb|3087
gnl|RZaadb|3345
gnl|RZaadb|4272
gnl|RZaadb|4487
gnl|RZaadb|4488
gnl|RZaadb|983
gnl|RZaadb|826
gnl|RZaadb|1798
gnl|RZaadb|5249
gnl|RZaadb|5537
gnl|RZaadb|5701
gnl|RZaadb|4287
gnl|RZaadb|3795
gnl|RZaadb|1230
gnl|RZaadb|6069
gnl|RZaadb|1715
gnl|RZaadb|4162
gnl|RZaadb|4162
gnl|RZaadb|4162
gnl|RZaadb|4162
gnl|RZaadb|1599
gnl|RZaadb|3683
gnl|RZaadb|3447
gnl|RZaadb|1047
gnl|RZaadb|4119
gnl|RZaadb|627
gnl|RZaadb|33
gnl|RZaadb|5791
gnl|RZaadb|5408
gnl|RZaadb|528
gnl|RZaadb|2315
gnl|RZaadb|195
gnl|RZaadb|532
gnl|RZaadb|533
gnl|RZaadb|534
gnl|RZaadb|2409
gnl|RZaadb|2771
gnl|RZaadb|4598
gnl|RZaadb|3914
gnl|RZaadb|4396
gnl|RZaadb|2391
gnl|RZaadb|250
gnl|RZaadb|1560
gnl|RZaadb|2910
gnl|RZaadb|3675
gnl|RZaadb|313
gnl|RZaadb|4262
gnl|RZaadb|4263
gnl|RZaadb|1907
gnl|RZaadb|219
gnl|RZaadb|2398
gnl|RZaadb|2346
gnl|RZaadb|5501
gnl|RZaadb|3080
gnl|RZaadb|3106
gnl|RZaadb|2090
gnl|RZaadb|2799
gnl|RZaadb|224
gnl|RZaadb|4259
gnl|RZaadb|2619
gnl|RZaadb|2619
gnl|RZaadb|2072
gnl|RZaadb|4375
gnl|RZaadb|5209
gnl|RZaadb|1583
gnl|RZaadb|5051
gnl|RZaadb|3086
gnl|RZaadb|3383
gnl|RZaadb|3205
gnl|RZaadb|3342
gnl|RZaadb|4759
gnl|RZaadb|5204
gnl|RZaadb|2620
gnl|RZaadb|2535
gnl|RZaadb|3048
gnl|RZaadb|2538
gnl|RZaadb|442
gnl|RZaadb|3158
gnl|RZaadb|1123
gnl|RZaadb|441
gnl|RZaadb|3159
gnl|RZaadb|4941
gnl|RZaadb|75
gnl|RZaadb|2851
gnl|RZaadb|66
gnl|RZaadb|5641
gnl|RZaadb|4076
gnl|RZaadb|3174
gnl|RZaadb|3536
gnl|RZaadb|1274
gnl|RZaadb|3916
gnl|RZaadb|2903
gnl|RZaadb|2787
gnl|RZaadb|5837
gnl|RZaadb|2534
gnl|RZaadb|3998
gnl|RZaadb|4674
gnl|RZaadb|3739
gnl|RZaadb|5716
gnl|RZaadb|2959
gnl|RZaadb|1467
gnl|RZaadb|3875
gnl|RZaadb|4349
gnl|RZaadb|3029
gnl|RZaadb|5152
gnl|RZaadb|5778
gnl|RZaadb|5338
gnl|RZaadb|1992
gnl|RZaadb|5072
gnl|RZaadb|553
gnl|RZaadb|1312
gnl|RZaadb|2661
gnl|RZaadb|2974
gnl|RZaadb|1316
gnl|RZaadb|532
gnl|RZaadb|1369
gnl|RZaadb|1166
gnl|RZaadb|5769
gnl|RZaadb|5775
gnl|RZaadb|4983
gnl|RZaadb|4532
gnl|RZaadb|473
gnl|RZaadb|5007
gnl|RZaadb|4853
gnl|RZaadb|5713
gnl|RZaadb|4270
gnl|RZaadb|4089
gnl|RZaadb|653
gnl|RZaadb|5398
gnl|RZaadb|1308
gnl|RZaadb|1733
gnl|RZaadb|5360
gnl|RZaadb|4942
gnl|RZaadb|3963
gnl|RZaadb|4903
gnl|RZaadb|1164
gnl|RZaadb|540
gnl|RZaadb|4279
gnl|RZaadb|5058
gnl|RZaadb|280
gnl|RZaadb|1633
gnl|RZaadb|2715
gnl|RZaadb|4349
gnl|RZaadb|2704
gnl|RZaadb|1060
gnl|RZaadb|4890
gnl|RZaadb|4278
gnl|RZaadb|1166
gnl|RZaadb|2165
gnl|RZaadb|3098
gnl|RZaadb|5813
gnl|RZaadb|4207
gnl|RZaadb|1173
gnl|RZaadb|3426
gnl|RZaadb|1599
gnl|RZaadb|4997
gnl|RZaadb|5022
gnl|RZaadb|3664
gnl|RZaadb|4951
gnl|RZaadb|2568
gnl|RZaadb|4669
gnl|RZaadb|4076
gnl|RZaadb|3773
gnl|RZaadb|3939
gnl|RZaadb|4648
gnl|RZaadb|5925
gnl|RZaadb|5363
gnl|RZaadb|1952
gnl|RZaadb|4072
gnl|RZaadb|3356
gnl|RZaadb|1227
gnl|RZaadb|1532
gnl|RZaadb|1532
gnl|RZaadb|564
gnl|RZaadb|4585
gnl|RZaadb|3058
gnl|RZaadb|4571
gnl|RZaadb|2215
gnl|RZaadb|804
gnl|RZaadb|6177
gnl|RZaadb|5264
gnl|RZaadb|4879
gnl|RZaadb|5215
gnl|RZaadb|2433
gnl|RZaadb|3805
gnl|RZaadb|2432
gnl|RZaadb|2431
gnl|RZaadb|1238
gnl|RZaadb|1030
gnl|RZaadb|1564
gnl|RZaadb|3537
gnl|RZaadb|1649
gnl|RZaadb|3411
gnl|RZaadb|1065
gnl|RZaadb|5713
gnl|RZaadb|4315
gnl|RZaadb|3541
gnl|RZaadb|3525
gnl|RZaadb|257
gnl|RZaadb|3967
gnl|RZaadb|4349
gnl|RZaadb|2236
gnl|RZaadb|660
gnl|RZaadb|3367
gnl|RZaadb|2393
gnl|RZaadb|3429
gnl|RZaadb|5083
gnl|RZaadb|3080
gnl|RZaadb|4159
gnl|RZaadb|1746
gnl|RZaadb|5366
gnl|RZaadb|1514
gnl|RZaadb|1515
gnl|RZaadb|1516
gnl|RZaadb|522
gnl|RZaadb|5138
gnl|RZaadb|4048
gnl|RZaadb|2045
gnl|RZaadb|4672
gnl|RZaadb|2897
gnl|RZaadb|2959
gnl|RZaadb|3060
gnl|RZaadb|2399
gnl|RZaadb|2388
gnl|RZaadb|4665
gnl|RZaadb|2952
gnl|RZaadb|3759
gnl|RZaadb|4482
gnl|RZaadb|132
gnl|RZaadb|703
gnl|RZaadb|1598
gnl|RZaadb|3821
gnl|RZaadb|2866
gnl|RZaadb|4826
gnl|RZaadb|4162
gnl|RZaadb|4162
gnl|RZaadb|4162
gnl|RZaadb|1715
gnl|RZaadb|1715
gnl|RZaadb|4464
gnl|RZaadb|4427
gnl|RZaadb|4427
gnl|RZaadb|2516
gnl|RZaadb|3672
gnl|RZaadb|3900
gnl|RZaadb|4959
gnl|RZaadb|3339
gnl|RZaadb|3717
gnl|RZaadb|3887
gnl|RZaadb|97
gnl|RZaadb|5904
gnl|RZaadb|5520
gnl|RZaadb|4352
gnl|RZaadb|441
gnl|RZaadb|3808
gnl|RZaadb|2944
gnl|RZaadb|4089
gnl|RZaadb|5628
gnl|RZaadb|3522
gnl|RZaadb|5551
gnl|RZaadb|5326
gnl|RZaadb|2952
gnl|RZaadb|3275
gnl|RZaadb|2742
gnl|RZaadb|5921
gnl|RZaadb|3400
gnl|RZaadb|4088
gnl|RZaadb|5798
gnl|RZaadb|4947
gnl|RZaadb|3248
gnl|RZaadb|960
gnl|RZaadb|5641
gnl|RZaadb|3892
gnl|RZaadb|2244
gnl|RZaadb|5243
gnl|RZaadb|4637
gnl|RZaadb|4636
gnl|RZaadb|1006
gnl|RZaadb|2467
gnl|RZaadb|3160
gnl|RZaadb|1168
gnl|RZaadb|1996
gnl|RZaadb|3294
gnl|RZaadb|5070
gnl|RZaadb|916
gnl|RZaadb|5957
gnl|RZaadb|4042
gnl|RZaadb|1185
gnl|RZaadb|195
gnl|RZaadb|3409
gnl|RZaadb|5135
gnl|RZaadb|3561
gnl|RZaadb|2446
gnl|RZaadb|2996
gnl|RZaadb|71
gnl|RZaadb|4784
gnl|RZaadb|1272
gnl|RZaadb|4389
gnl|RZaadb|4896
gnl|RZaadb|5744
gnl|RZaadb|2011
gnl|RZaadb|3540
gnl|RZaadb|4207
gnl|RZaadb|5813
gnl|RZaadb|285
gnl|RZaadb|3862
gnl|RZaadb|5357
gnl|RZaadb|4
gnl|RZaadb|4705
gnl|RZaadb|2971
gnl|RZaadb|4275
gnl|RZaadb|2267
gnl|RZaadb|4
gnl|RZaadb|430
gnl|RZaadb|750
gnl|RZaadb|1902
gnl|RZaadb|5400
gnl|RZaadb|926
gnl|RZaadb|4857
gnl|RZaadb|3767
gnl|RZaadb|6177
gnl|RZaadb|2475
gnl|RZaadb|592
gnl|RZaadb|4719
gnl|RZaadb|1406
gnl|RZaadb|5159
gnl|RZaadb|5458
gnl|RZaadb|257
gnl|RZaadb|4291
gnl|RZaadb|4162
gnl|RZaadb|4162
gnl|RZaadb|1002
gnl|RZaadb|1048
gnl|RZaadb|2578
gnl|RZaadb|2093
gnl|RZaadb|2095
gnl|RZaadb|5365
gnl|RZaadb|5137
gnl|RZaadb|5539
gnl|RZaadb|2075
gnl|RZaadb|2504
gnl|RZaadb|2504
gnl|RZaadb|6074
gnl|RZaadb|5107
gnl|RZaadb|5798
gnl|RZaadb|2843
gnl|RZaadb|3518
gnl|RZaadb|2771
gnl|RZaadb|5016
gnl|RZaadb|2045
gnl|RZaadb|624
gnl|RZaadb|3568
gnl|RZaadb|2016
gnl|RZaadb|2018
gnl|RZaadb|343
gnl|RZaadb|5949
gnl|RZaadb|988
gnl|RZaadb|1144
gnl|RZaadb|5165
gnl|RZaadb|5144
gnl|RZaadb|173
gnl|RZaadb|5801
gnl|RZaadb|3996
gnl|RZaadb|3246
gnl|RZaadb|3450
gnl|RZaadb|125
gnl|RZaadb|885
gnl|RZaadb|5172
gnl|RZaadb|3610
gnl|RZaadb|2516
gnl|RZaadb|2586
gnl|RZaadb|1304
gnl|RZaadb|3319
gnl|RZaadb|1554
gnl|RZaadb|101
gnl|RZaadb|5539
gnl|RZaadb|5470
gnl|RZaadb|377
gnl|RZaadb|391
gnl|RZaadb|1151
gnl|RZaadb|2359
gnl|RZaadb|1960
gnl|RZaadb|2566
gnl|RZaadb|633
gnl|RZaadb|3904
gnl|RZaadb|2106
gnl|RZaadb|2819
gnl|RZaadb|2068
gnl|RZaadb|4307
gnl|RZaadb|5388
gnl|RZaadb|420
gnl|RZaadb|1013
gnl|RZaadb|3255
gnl|RZaadb|1303
gnl|RZaadb|3445
gnl|RZaadb|2910
gnl|RZaadb|1185
gnl|RZaadb|3019
gnl|RZaadb|3232
gnl|RZaadb|1710
gnl|RZaadb|1205
gnl|RZaadb|4589
gnl|RZaadb|2450
gnl|RZaadb|2165
gnl|RZaadb|1541
gnl|RZaadb|4988
gnl|RZaadb|5939
gnl|RZaadb|1717
gnl|RZaadb|612
gnl|RZaadb|612
gnl|RZaadb|1815
gnl|RZaadb|1500
gnl|RZaadb|1902
gnl|RZaadb|222
gnl|RZaadb|5466
gnl|RZaadb|1953
gnl|RZaadb|1954
gnl|RZaadb|1955
gnl|RZaadb|389
gnl|RZaadb|1301
gnl|RZaadb|2015
gnl|RZaadb|5545
gnl|RZaadb|4040
gnl|RZaadb|3526
gnl|RZaadb|5976
gnl|RZaadb|1305
gnl|RZaadb|2070
gnl|RZaadb|4272
gnl|RZaadb|3438
gnl|RZaadb|2590
gnl|RZaadb|4947
gnl|RZaadb|4128
gnl|RZaadb|552
gnl|RZaadb|729
gnl|RZaadb|728
gnl|RZaadb|551
gnl|RZaadb|3058
gnl|RZaadb|3009
gnl|RZaadb|928
gnl|RZaadb|5341
gnl|RZaadb|2510
gnl|RZaadb|5469
gnl|RZaadb|4251
gnl|RZaadb|3445
gnl|RZaadb|2513
gnl|RZaadb|5434
gnl|RZaadb|3992
gnl|RZaadb|2735
gnl|RZaadb|3421
gnl|RZaadb|3422
gnl|RZaadb|311
gnl|RZaadb|6078
gnl|RZaadb|1924
gnl|RZaadb|4389
gnl|RZaadb|4964
gnl|RZaadb|667
gnl|RZaadb|5922
gnl|RZaadb|5923
gnl|RZaadb|5148
gnl|RZaadb|4404
gnl|RZaadb|1407
gnl|RZaadb|1076
gnl|RZaadb|2559
gnl|RZaadb|2279
gnl|RZaadb|5998
gnl|RZaadb|637
gnl|RZaadb|4787
gnl|RZaadb|4931
gnl|RZaadb|1192
gnl|RZaadb|4234
gnl|RZaadb|2914
gnl|RZaadb|2772
gnl|RZaadb|4535
gnl|RZaadb|5410
gnl|RZaadb|4509
gnl|RZaadb|2524
gnl|RZaadb|3537
gnl|RZaadb|5926
gnl|RZaadb|1079
gnl|RZaadb|1252
gnl|RZaadb|3870
gnl|RZaadb|797
gnl|RZaadb|4173
gnl|RZaadb|411
gnl|RZaadb|506
gnl|RZaadb|4617
gnl|RZaadb|4675
gnl|RZaadb|1707
gnl|RZaadb|2433
gnl|RZaadb|1527
gnl|RZaadb|6182
gnl|RZaadb|4937
gnl|RZaadb|2975
gnl|RZaadb|2619
gnl|RZaadb|2767
gnl|RZaadb|1923
gnl|RZaadb|3331
gnl|RZaadb|3331
gnl|RZaadb|2624
gnl|RZaadb|5856
gnl|RZaadb|2442
gnl|RZaadb|3897
gnl|RZaadb|3420
gnl|RZaadb|3486
gnl|RZaadb|5676
gnl|RZaadb|4624
gnl|RZaadb|2442
gnl|RZaadb|2345
gnl|RZaadb|5923
gnl|RZaadb|2890
gnl|RZaadb|5837
gnl|RZaadb|1013
gnl|RZaadb|1371
gnl|RZaadb|3074
gnl|RZaadb|268
gnl|RZaadb|2281
gnl|RZaadb|3294
gnl|RZaadb|4559
gnl|RZaadb|3404
gnl|RZaadb|5147
gnl|RZaadb|3731
gnl|RZaadb|3368
gnl|RZaadb|4097
gnl|RZaadb|4008
gnl|RZaadb|2944
gnl|RZaadb|2848
gnl|RZaadb|5085
gnl|RZaadb|4611
gnl|RZaadb|5457
gnl|RZaadb|3120
gnl|RZaadb|4051
gnl|RZaadb|776
gnl|RZaadb|5500
gnl|RZaadb|4072
gnl|RZaadb|2764
gnl|RZaadb|3288
gnl|RZaadb|5951
gnl|RZaadb|1063
gnl|RZaadb|133
gnl|RZaadb|77
gnl|RZaadb|5178
gnl|RZaadb|4349
gnl|RZaadb|5074
gnl|RZaadb|2387
gnl|RZaadb|1932
gnl|RZaadb|4252
gnl|RZaadb|5808
gnl|RZaadb|227
gnl|RZaadb|1999
gnl|RZaadb|4139
gnl|RZaadb|5716
gnl|RZaadb|5800
gnl|RZaadb|2121
gnl|RZaadb|4
gnl|RZaadb|2464
gnl|RZaadb|3094
gnl|RZaadb|5954
gnl|RZaadb|4286
gnl|RZaadb|4558
gnl|RZaadb|2154
gnl|RZaadb|3961
gnl|RZaadb|437
gnl|RZaadb|437
gnl|RZaadb|4287
gnl|RZaadb|2971
gnl|RZaadb|4505
gnl|RZaadb|4111
gnl|RZaadb|3982
gnl|RZaadb|4623
gnl|RZaadb|2944
gnl|RZaadb|2283
gnl|RZaadb|1013
gnl|RZaadb|2902
gnl|RZaadb|5125
gnl|RZaadb|2947
gnl|RZaadb|5062
gnl|RZaadb|5126
gnl|RZaadb|3176
gnl|RZaadb|297
gnl|RZaadb|4681
gnl|RZaadb|1500
gnl|RZaadb|1322
gnl|RZaadb|5704
gnl|RZaadb|2219
gnl|RZaadb|2218
gnl|RZaadb|1357
gnl|RZaadb|5036
gnl|RZaadb|1484
gnl|RZaadb|401
gnl|RZaadb|143
gnl|RZaadb|1481
gnl|RZaadb|2115
gnl|RZaadb|5448
gnl|RZaadb|3708
gnl|RZaadb|3380
gnl|RZaadb|889
gnl|RZaadb|2237
gnl|RZaadb|4162
gnl|RZaadb|2536
gnl|RZaadb|5678
gnl|RZaadb|1739
gnl|RZaadb|2548
gnl|RZaadb|6134
gnl|RZaadb|211
gnl|RZaadb|5517
gnl|RZaadb|471
gnl|RZaadb|33
gnl|RZaadb|1497
gnl|RZaadb|1104
gnl|RZaadb|4004
gnl|RZaadb|4004
gnl|RZaadb|866
gnl|RZaadb|3205
gnl|RZaadb|5950
gnl|RZaadb|5950
gnl|RZaadb|1108
gnl|RZaadb|5052
gnl|RZaadb|5300
gnl|RZaadb|4427
gnl|RZaadb|5413
gnl|RZaadb|1173
gnl|RZaadb|3290
gnl|RZaadb|4860
gnl|RZaadb|5157
gnl|RZaadb|5158
gnl|RZaadb|3001
gnl|RZaadb|51
gnl|RZaadb|1256
gnl|RZaadb|2685
gnl|RZaadb|1917
gnl|RZaadb|841
gnl|RZaadb|4482
gnl|RZaadb|192
gnl|RZaadb|2772
gnl|RZaadb|1230
gnl|RZaadb|2409
gnl|RZaadb|4347
gnl|RZaadb|1879
gnl|RZaadb|5681
gnl|RZaadb|4263
gnl|RZaadb|4344
gnl|RZaadb|4016
gnl|RZaadb|505
gnl|RZaadb|1667
gnl|RZaadb|1667
gnl|RZaadb|4426
gnl|RZaadb|4107
gnl|RZaadb|5586
gnl|RZaadb|1962
gnl|RZaadb|465
gnl|RZaadb|679
gnl|RZaadb|5645
gnl|RZaadb|1920
gnl|RZaadb|1111
gnl|RZaadb|3203
gnl|RZaadb|204
gnl|RZaadb|4258
gnl|RZaadb|6013
gnl|RZaadb|4192
gnl|RZaadb|960
gnl|RZaadb|2349
gnl|RZaadb|3199
gnl|RZaadb|1107
gnl|RZaadb|205
gnl|RZaadb|210
gnl|RZaadb|3185
gnl|RZaadb|4190
gnl|RZaadb|1873
gnl|RZaadb|621
gnl|RZaadb|3251
gnl|RZaadb|1310
gnl|RZaadb|1186
gnl|RZaadb|5280
gnl|RZaadb|3408
gnl|RZaadb|2014
gnl|RZaadb|4858
gnl|RZaadb|5460
gnl|RZaadb|1305
gnl|RZaadb|2174
gnl|RZaadb|4024
gnl|RZaadb|5833
gnl|RZaadb|1433
gnl|RZaadb|5426
gnl|RZaadb|2600
gnl|RZaadb|6026
gnl|RZaadb|1547
gnl|RZaadb|4428
gnl|RZaadb|3187
gnl|RZaadb|4295
gnl|RZaadb|1187
gnl|RZaadb|1481
gnl|RZaadb|2234
gnl|RZaadb|5137
gnl|RZaadb|4895
gnl|RZaadb|3115
gnl|RZaadb|2066
gnl|RZaadb|2067
gnl|RZaadb|2092
gnl|RZaadb|1166
gnl|RZaadb|804
gnl|RZaadb|1139
gnl|RZaadb|1755
gnl|RZaadb|2122
gnl|RZaadb|1302
gnl|RZaadb|484
gnl|RZaadb|5847
gnl|RZaadb|2112
gnl|RZaadb|1984
gnl|RZaadb|6108
gnl|RZaadb|4515
gnl|RZaadb|2681
gnl|RZaadb|2077
gnl|RZaadb|4665
gnl|RZaadb|1239
gnl|RZaadb|3387
gnl|RZaadb|942
gnl|RZaadb|5332
gnl|RZaadb|3240
gnl|RZaadb|4339
gnl|RZaadb|1023
gnl|RZaadb|1022
gnl|RZaadb|1020
gnl|RZaadb|1019
gnl|RZaadb|626
gnl|RZaadb|2492
gnl|RZaadb|5349
gnl|RZaadb|1166
gnl|RZaadb|4174
gnl|RZaadb|2674
gnl|RZaadb|5237
gnl|RZaadb|1174
gnl|RZaadb|4431
gnl|RZaadb|2480
gnl|RZaadb|1206
gnl|RZaadb|2747
gnl|RZaadb|2746
gnl|RZaadb|2745
gnl|RZaadb|5791
gnl|RZaadb|2152
gnl|RZaadb|6134
gnl|RZaadb|2479
gnl|RZaadb|2480
gnl|RZaadb|2655
gnl|RZaadb|1477
gnl|RZaadb|4184
gnl|RZaadb|3860
gnl|RZaadb|2115
gnl|RZaadb|3131
gnl|RZaadb|3132
gnl|RZaadb|3433
gnl|RZaadb|3151
gnl|RZaadb|4617
gnl|RZaadb|5646
gnl|RZaadb|415
gnl|RZaadb|2469
gnl|RZaadb|2489
gnl|RZaadb|2489
gnl|RZaadb|6112
gnl|RZaadb|1445
gnl|RZaadb|5808
gnl|RZaadb|2272
gnl|RZaadb|5177
gnl|RZaadb|3296
gnl|RZaadb|5214
gnl|RZaadb|5214
gnl|RZaadb|4475
gnl|RZaadb|2858
gnl|RZaadb|1976
gnl|RZaadb|6132
gnl|RZaadb|5263
gnl|RZaadb|4385
gnl|RZaadb|400
gnl|RZaadb|2857
gnl|RZaadb|2857
gnl|RZaadb|1125
gnl|RZaadb|3268
gnl|RZaadb|4872
gnl|RZaadb|1492
gnl|RZaadb|1492
gnl|RZaadb|4300
gnl|RZaadb|3064
gnl|RZaadb|128
gnl|RZaadb|1186
gnl|RZaadb|6091
gnl|RZaadb|804
gnl|RZaadb|1406
gnl|RZaadb|5832
gnl|RZaadb|4618
gnl|RZaadb|3765
gnl|RZaadb|5695
gnl|RZaadb|1579
gnl|RZaadb|1999
gnl|RZaadb|5211
gnl|RZaadb|4964
gnl|RZaadb|2322
gnl|RZaadb|1950
gnl|RZaadb|4655
gnl|RZaadb|4657
gnl|RZaadb|860
gnl|RZaadb|5122
gnl|RZaadb|3866
gnl|RZaadb|2986
gnl|RZaadb|1343
gnl|RZaadb|2599
gnl|RZaadb|301
gnl|RZaadb|645
gnl|RZaadb|1896
gnl|RZaadb|188
gnl|RZaadb|4063
gnl|RZaadb|5312
gnl|RZaadb|4753
gnl|RZaadb|968
gnl|RZaadb|3204
gnl|RZaadb|1831
gnl|RZaadb|497
gnl|RZaadb|1075
gnl|RZaadb|1076
gnl|RZaadb|1077
gnl|RZaadb|3284
gnl|RZaadb|4134
gnl|RZaadb|4134
gnl|RZaadb|5502
gnl|RZaadb|922
gnl|RZaadb|4519
gnl|RZaadb|4625
gnl|RZaadb|173
gnl|RZaadb|1273
gnl|RZaadb|1715
gnl|RZaadb|4951
gnl|RZaadb|283
gnl|RZaadb|283
gnl|RZaadb|5605
gnl|RZaadb|4057
gnl|RZaadb|2515
gnl|RZaadb|2516
gnl|RZaadb|463
gnl|RZaadb|4354
gnl|RZaadb|1569
gnl|RZaadb|345
gnl|RZaadb|6026
gnl|RZaadb|625
gnl|RZaadb|1625
gnl|RZaadb|4130
gnl|RZaadb|4130
gnl|RZaadb|4665
gnl|RZaadb|1213
gnl|RZaadb|4361
gnl|RZaadb|1986
gnl|RZaadb|1325
gnl|RZaadb|3350
gnl|RZaadb|1324
gnl|RZaadb|1325
gnl|RZaadb|1987
gnl|RZaadb|1986
gnl|RZaadb|4587
gnl|RZaadb|2578
gnl|RZaadb|34
gnl|RZaadb|4683
gnl|RZaadb|675
gnl|RZaadb|3540
gnl|RZaadb|5114
gnl|RZaadb|3824
gnl|RZaadb|3445
gnl|RZaadb|4252
gnl|RZaadb|3460
gnl|RZaadb|277
gnl|RZaadb|3459
gnl|RZaadb|3458
gnl|RZaadb|3458
gnl|RZaadb|1142
gnl|RZaadb|1638
gnl|RZaadb|4993
gnl|RZaadb|3003
gnl|RZaadb|1410
gnl|RZaadb|5628
gnl|RZaadb|1593
gnl|RZaadb|5726
gnl|RZaadb|1166
gnl|RZaadb|4928
gnl|RZaadb|2863
gnl|RZaadb|4372
gnl|RZaadb|5963
gnl|RZaadb|6064
gnl|RZaadb|5687
gnl|RZaadb|1559
gnl|RZaadb|4374
gnl|RZaadb|2739
gnl|RZaadb|4677
gnl|RZaadb|2587
gnl|RZaadb|5974
gnl|RZaadb|5974
gnl|RZaadb|1713
gnl|RZaadb|3018
gnl|RZaadb|4999
gnl|RZaadb|250
gnl|RZaadb|856
gnl|RZaadb|3166
gnl|RZaadb|858
gnl|RZaadb|3319
gnl|RZaadb|4180
gnl|RZaadb|2044
gnl|RZaadb|1087
gnl|RZaadb|3337
gnl|RZaadb|3163
gnl|RZaadb|5072
gnl|RZaadb|4583
gnl|RZaadb|4584
gnl|RZaadb|2733
gnl|RZaadb|1574
gnl|RZaadb|2785
gnl|RZaadb|1132
gnl|RZaadb|3421
gnl|RZaadb|3999
gnl|RZaadb|5323
gnl|RZaadb|5323
gnl|RZaadb|1523
gnl|RZaadb|1440
gnl|RZaadb|5826
gnl|RZaadb|5257
gnl|RZaadb|4072
gnl|RZaadb|5338
gnl|RZaadb|4760
gnl|RZaadb|4056
gnl|RZaadb|3896
gnl|RZaadb|5814
gnl|RZaadb|5512
gnl|RZaadb|5512
gnl|RZaadb|5776
gnl|RZaadb|1659
gnl|RZaadb|4056
gnl|RZaadb|3959
gnl|RZaadb|3094
gnl|RZaadb|1699
gnl|RZaadb|4688
gnl|RZaadb|2115
gnl|RZaadb|2256
gnl|RZaadb|1615
gnl|RZaadb|2245
gnl|RZaadb|1616
gnl|RZaadb|2364
gnl|RZaadb|5702
gnl|RZaadb|4807
gnl|RZaadb|3600
gnl|RZaadb|5870
gnl|RZaadb|3356
gnl|RZaadb|200
gnl|RZaadb|2267
gnl|RZaadb|2398
gnl|RZaadb|5323
gnl|RZaadb|1942
gnl|RZaadb|4517
gnl|RZaadb|2302
gnl|RZaadb|5770
gnl|RZaadb|3757
gnl|RZaadb|3304
gnl|RZaadb|3690
gnl|RZaadb|3059
gnl|RZaadb|1470
gnl|RZaadb|2631
gnl|RZaadb|2632
gnl|RZaadb|2581
gnl|RZaadb|1221
gnl|RZaadb|2587
gnl|RZaadb|2588
gnl|RZaadb|5974
gnl|RZaadb|5974
gnl|RZaadb|5974
gnl|RZaadb|2586
gnl|RZaadb|5423
gnl|RZaadb|1473
gnl|RZaadb|1471
gnl|RZaadb|668
gnl|RZaadb|1129
gnl|RZaadb|1408
gnl|RZaadb|5968
gnl|RZaadb|5483
gnl|RZaadb|2730
gnl|RZaadb|2940
gnl|RZaadb|3348
gnl|RZaadb|5013
gnl|RZaadb|2001
gnl|RZaadb|4377
gnl|RZaadb|1801
gnl|RZaadb|498
gnl|RZaadb|2952
gnl|RZaadb|3109
gnl|RZaadb|734
gnl|RZaadb|4179
gnl|RZaadb|4470
gnl|RZaadb|4239
gnl|RZaadb|5229
gnl|RZaadb|4541
gnl|RZaadb|4926
gnl|RZaadb|5774
gnl|RZaadb|4617
gnl|RZaadb|2798
gnl|RZaadb|2797
gnl|RZaadb|5887
gnl|RZaadb|1016
gnl|RZaadb|4625
gnl|RZaadb|3323
gnl|RZaadb|4291
gnl|RZaadb|231
gnl|RZaadb|2205
gnl|RZaadb|2913
gnl|RZaadb|1037
gnl|RZaadb|2441
gnl|RZaadb|3330
gnl|RZaadb|3005
gnl|RZaadb|2089
gnl|RZaadb|3461
gnl|RZaadb|5496
gnl|RZaadb|4488
gnl|RZaadb|4270
gnl|RZaadb|3816
gnl|RZaadb|4893
gnl|RZaadb|5753
gnl|RZaadb|2744
gnl|RZaadb|5956
gnl|RZaadb|3849
gnl|RZaadb|1991
gnl|RZaadb|3250
gnl|RZaadb|1574
gnl|RZaadb|1963
gnl|RZaadb|1735
gnl|RZaadb|2460
gnl|RZaadb|5847
gnl|RZaadb|3171
gnl|RZaadb|1733
gnl|RZaadb|1125
gnl|RZaadb|2245
gnl|RZaadb|962
gnl|RZaadb|3540
gnl|RZaadb|3890
gnl|RZaadb|3080
gnl|RZaadb|3259
gnl|RZaadb|5968
gnl|RZaadb|4346
gnl|RZaadb|258
gnl|RZaadb|2466
gnl|RZaadb|4775
gnl|RZaadb|5925
gnl|RZaadb|2564
gnl|RZaadb|1511
gnl|RZaadb|1087
gnl|RZaadb|5397
gnl|RZaadb|5397
gnl|RZaadb|2311
gnl|RZaadb|1812
gnl|RZaadb|2267
gnl|RZaadb|2311
gnl|RZaadb|1537
gnl|RZaadb|885
gnl|RZaadb|4931
gnl|RZaadb|1322
gnl|RZaadb|5302
gnl|RZaadb|5854
gnl|RZaadb|2045
gnl|RZaadb|4698
gnl|RZaadb|191
gnl|RZaadb|2927
gnl|RZaadb|5375
gnl|RZaadb|2194
gnl|RZaadb|2749
gnl|RZaadb|3462
gnl|RZaadb|4921
gnl|RZaadb|1438
gnl|RZaadb|3084
gnl|RZaadb|552
gnl|RZaadb|2183
gnl|RZaadb|2640
gnl|RZaadb|3023
gnl|RZaadb|5264
gnl|RZaadb|5136
gnl|RZaadb|1538
gnl|RZaadb|6015
gnl|RZaadb|3452
gnl|RZaadb|5668
gnl|RZaadb|4895
gnl|RZaadb|5086
gnl|RZaadb|2293
gnl|RZaadb|570
gnl|RZaadb|5146
gnl|RZaadb|3376
gnl|RZaadb|11
gnl|RZaadb|191
gnl|RZaadb|5085
gnl|RZaadb|377
gnl|RZaadb|2863
gnl|RZaadb|433
gnl|RZaadb|3376
gnl|RZaadb|1651
gnl|RZaadb|4617
gnl|RZaadb|1652
gnl|RZaadb|5154
gnl|RZaadb|4681
gnl|RZaadb|4822
gnl|RZaadb|5482
gnl|RZaadb|3118
gnl|RZaadb|2364
gnl|RZaadb|5797
gnl|RZaadb|2292
gnl|RZaadb|5428
gnl|RZaadb|2385
gnl|RZaadb|5201
gnl|RZaadb|4335
gnl|RZaadb|3222
gnl|RZaadb|1499
gnl|RZaadb|5076
gnl|RZaadb|1733
gnl|RZaadb|5024
gnl|RZaadb|4955
gnl|RZaadb|4950
gnl|RZaadb|2248
gnl|RZaadb|990
gnl|RZaadb|1911
gnl|RZaadb|1425
gnl|RZaadb|3528
gnl|RZaadb|109
gnl|RZaadb|530
gnl|RZaadb|2315
gnl|RZaadb|4189
gnl|RZaadb|2448
gnl|RZaadb|119
gnl|RZaadb|6035
gnl|RZaadb|2001
gnl|RZaadb|5889
gnl|RZaadb|5543
gnl|RZaadb|1282
gnl|RZaadb|1554
gnl|RZaadb|2001
gnl|RZaadb|103
gnl|RZaadb|5046
gnl|RZaadb|1917
gnl|RZaadb|1201
gnl|RZaadb|515
gnl|RZaadb|6069
gnl|RZaadb|4998
gnl|RZaadb|3403
gnl|RZaadb|5537
gnl|RZaadb|5873
gnl|RZaadb|308
gnl|RZaadb|1405
gnl|RZaadb|449
gnl|RZaadb|4162
gnl|RZaadb|2826
gnl|RZaadb|551
gnl|RZaadb|5335
gnl|RZaadb|1002
gnl|RZaadb|2582
gnl|RZaadb|2588
gnl|RZaadb|2889
gnl|RZaadb|2141
gnl|RZaadb|2889
gnl|RZaadb|1473
gnl|RZaadb|612
gnl|RZaadb|667
gnl|RZaadb|971
gnl|RZaadb|970
gnl|RZaadb|2838
gnl|RZaadb|5450
gnl|RZaadb|4333
gnl|RZaadb|2103
gnl|RZaadb|1202
gnl|RZaadb|2557
gnl|RZaadb|362
gnl|RZaadb|2767
gnl|RZaadb|2768
gnl|RZaadb|291
gnl|RZaadb|3130
gnl|RZaadb|3302
gnl|RZaadb|5266
gnl|RZaadb|289
gnl|RZaadb|4346
gnl|RZaadb|3394
gnl|RZaadb|1126
gnl|RZaadb|3411
gnl|RZaadb|1545
gnl|RZaadb|1425
gnl|RZaadb|2572
gnl|RZaadb|2432
gnl|RZaadb|5510
gnl|RZaadb|4340
gnl|RZaadb|3270
gnl|RZaadb|1555
gnl|RZaadb|660
gnl|RZaadb|4492
gnl|RZaadb|4492
gnl|RZaadb|4493
gnl|RZaadb|1707
gnl|RZaadb|2525
gnl|RZaadb|2787
gnl|RZaadb|4698
gnl|RZaadb|997
gnl|RZaadb|228
gnl|RZaadb|229
gnl|RZaadb|1301
gnl|RZaadb|1423
gnl|RZaadb|2962
gnl|RZaadb|1980
gnl|RZaadb|1495
gnl|RZaadb|5871
gnl|RZaadb|3850
gnl|RZaadb|1999
gnl|RZaadb|5137
gnl|RZaadb|5500
gnl|RZaadb|3740
gnl|RZaadb|4716
gnl|RZaadb|173
gnl|RZaadb|2829
gnl|RZaadb|3110
gnl|RZaadb|5155
gnl|RZaadb|2345
gnl|RZaadb|5156
gnl|RZaadb|5157
gnl|RZaadb|5157
gnl|RZaadb|769
gnl|RZaadb|826
gnl|RZaadb|4684
gnl|RZaadb|1204
gnl|RZaadb|4072
gnl|RZaadb|2
gnl|RZaadb|2355
gnl|RZaadb|5906
gnl|RZaadb|2861
gnl|RZaadb|4344
gnl|RZaadb|3107
gnl|RZaadb|2474
gnl|RZaadb|5379
gnl|RZaadb|1599
gnl|RZaadb|370
gnl|RZaadb|2257
gnl|RZaadb|2823
gnl|RZaadb|2825
gnl|RZaadb|371
gnl|RZaadb|1192
gnl|RZaadb|3431
gnl|RZaadb|5432
gnl|RZaadb|3991
gnl|RZaadb|1748
gnl|RZaadb|4100
gnl|RZaadb|4713
gnl|RZaadb|2296
gnl|RZaadb|5336
gnl|RZaadb|2908
gnl|RZaadb|2266
gnl|RZaadb|1383
gnl|RZaadb|2494
gnl|RZaadb|2608
gnl|RZaadb|226
gnl|RZaadb|2292
gnl|RZaadb|5772
gnl|RZaadb|5772
gnl|RZaadb|4598
gnl|RZaadb|5105
gnl|RZaadb|4295
gnl|RZaadb|4295
gnl|RZaadb|4489
gnl|RZaadb|2373
gnl|RZaadb|5419
gnl|RZaadb|5831
gnl|RZaadb|5399
gnl|RZaadb|235
gnl|RZaadb|4467
gnl|RZaadb|5341
gnl|RZaadb|4027
gnl|RZaadb|2377
gnl|RZaadb|267
gnl|RZaadb|1562
gnl|RZaadb|4368
gnl|RZaadb|5685
gnl|RZaadb|1561
gnl|RZaadb|4369
gnl|RZaadb|941
gnl|RZaadb|356
gnl|RZaadb|2737
gnl|RZaadb|4918
gnl|RZaadb|1806
gnl|RZaadb|367
gnl|RZaadb|3954
gnl|RZaadb|4371
gnl|RZaadb|5550
gnl|RZaadb|5649
gnl|RZaadb|4468
gnl|RZaadb|4335
gnl|RZaadb|5218
gnl|RZaadb|6036
gnl|RZaadb|5214
gnl|RZaadb|4061
gnl|RZaadb|3229
gnl|RZaadb|996
gnl|RZaadb|2684
gnl|RZaadb|4341
gnl|RZaadb|3728
gnl|RZaadb|1755
gnl|RZaadb|113
gnl|RZaadb|3532
gnl|RZaadb|3112
gnl|RZaadb|4075
gnl|RZaadb|4828
gnl|RZaadb|3536
gnl|RZaadb|4665
gnl|RZaadb|3060
gnl|RZaadb|2813
gnl|RZaadb|3176
gnl|RZaadb|530
gnl|RZaadb|1707
gnl|RZaadb|5890
gnl|RZaadb|406
gnl|RZaadb|5065
gnl|RZaadb|4229
gnl|RZaadb|491
gnl|RZaadb|5256
gnl|RZaadb|5826
gnl|RZaadb|5257
gnl|RZaadb|4085
gnl|RZaadb|1627
gnl|RZaadb|1422
gnl|RZaadb|2289
gnl|RZaadb|2318
gnl|RZaadb|3409
gnl|RZaadb|1511
gnl|RZaadb|2564
gnl|RZaadb|3755
gnl|RZaadb|3667
gnl|RZaadb|441
gnl|RZaadb|2730
gnl|RZaadb|179
gnl|RZaadb|1985
gnl|RZaadb|3426
gnl|RZaadb|443
gnl|RZaadb|1272
gnl|RZaadb|3493
gnl|RZaadb|4396
gnl|RZaadb|2035
gnl|RZaadb|1569
gnl|RZaadb|524
gnl|RZaadb|5080
gnl|RZaadb|970
gnl|RZaadb|456
gnl|RZaadb|1245
gnl|RZaadb|2012
gnl|RZaadb|612
gnl|RZaadb|4806
gnl|RZaadb|5128
gnl|RZaadb|71
gnl|RZaadb|4835
gnl|RZaadb|667
gnl|RZaadb|612
gnl|RZaadb|1473
gnl|RZaadb|2633
gnl|RZaadb|2585
gnl|RZaadb|1002
gnl|RZaadb|3260
gnl|RZaadb|4728
gnl|RZaadb|1452
gnl|RZaadb|3616
gnl|RZaadb|4734
gnl|RZaadb|970
gnl|RZaadb|4079
gnl|RZaadb|3340
gnl|RZaadb|4505
gnl|RZaadb|524
gnl|RZaadb|4057
gnl|RZaadb|4059
gnl|RZaadb|4054
gnl|RZaadb|4058
gnl|RZaadb|4487
gnl|RZaadb|505
gnl|RZaadb|505
gnl|RZaadb|1746
gnl|RZaadb|3881
gnl|RZaadb|1745
gnl|RZaadb|6057
gnl|RZaadb|1807
gnl|RZaadb|1807
gnl|RZaadb|1268
gnl|RZaadb|4547
gnl|RZaadb|5941
gnl|RZaadb|133
gnl|RZaadb|2963
gnl|RZaadb|3433
gnl|RZaadb|3489
gnl|RZaadb|923
gnl|RZaadb|1059
gnl|RZaadb|2427
gnl|RZaadb|54
gnl|RZaadb|5577
gnl|RZaadb|2640
gnl|RZaadb|3255
gnl|RZaadb|134
gnl|RZaadb|1810
gnl|RZaadb|1810
gnl|RZaadb|1184
gnl|RZaadb|5260
gnl|RZaadb|728
gnl|RZaadb|551
gnl|RZaadb|4863
gnl|RZaadb|6044
gnl|RZaadb|6045
gnl|RZaadb|2442
gnl|RZaadb|2442
gnl|RZaadb|5901
gnl|RZaadb|3368
gnl|RZaadb|2419
gnl|RZaadb|5259
gnl|RZaadb|5625
gnl|RZaadb|561
gnl|RZaadb|1915
gnl|RZaadb|5929
gnl|RZaadb|3450
gnl|RZaadb|912
gnl|RZaadb|1190
gnl|RZaadb|3067
gnl|RZaadb|5397
gnl|RZaadb|5397
gnl|RZaadb|5397
gnl|RZaadb|5159
gnl|RZaadb|137
gnl|RZaadb|4056
gnl|RZaadb|5094
gnl|RZaadb|1298
gnl|RZaadb|2525
gnl|RZaadb|5346
gnl|RZaadb|5395
gnl|RZaadb|5395
gnl|RZaadb|5536
gnl|RZaadb|3522
gnl|RZaadb|1932
gnl|RZaadb|3480
gnl|RZaadb|2315
gnl|RZaadb|4054
gnl|RZaadb|4056
gnl|RZaadb|4789
gnl|RZaadb|2030
gnl|RZaadb|3278
gnl|RZaadb|524
gnl|RZaadb|5346
gnl|RZaadb|2505
gnl|RZaadb|2466
gnl|RZaadb|2486
gnl|RZaadb|1953
gnl|RZaadb|5466
gnl|RZaadb|861
gnl|RZaadb|4271
gnl|RZaadb|5428
gnl|RZaadb|1066
gnl|RZaadb|4679
gnl|RZaadb|5945
gnl|RZaadb|5945
gnl|RZaadb|3031
gnl|RZaadb|3076
gnl|RZaadb|1711
gnl|RZaadb|5771
gnl|RZaadb|3056
gnl|RZaadb|2285
gnl|RZaadb|2371
gnl|RZaadb|191
gnl|RZaadb|4299
gnl|RZaadb|6185
gnl|RZaadb|5808
gnl|RZaadb|1047
gnl|RZaadb|2793
gnl|RZaadb|5485
gnl|RZaadb|5485
gnl|RZaadb|345
gnl|RZaadb|4471
gnl|RZaadb|3572
gnl|RZaadb|2250
gnl|RZaadb|2442
gnl|RZaadb|5901
gnl|RZaadb|4687
gnl|RZaadb|1574
gnl|RZaadb|5746
gnl|RZaadb|4928
gnl|RZaadb|769
gnl|RZaadb|3589
gnl|RZaadb|3581
gnl|RZaadb|1877
gnl|RZaadb|1477
gnl|RZaadb|804
gnl|RZaadb|6177
gnl|RZaadb|1746
gnl|RZaadb|1746
gnl|RZaadb|2422
gnl|RZaadb|2421
gnl|RZaadb|2421
gnl|RZaadb|1274
gnl|RZaadb|5328
gnl|RZaadb|5537
gnl|RZaadb|2539
gnl|RZaadb|3517
gnl|RZaadb|2423
gnl|RZaadb|2244
gnl|RZaadb|5927
gnl|RZaadb|515
gnl|RZaadb|4753
gnl|RZaadb|5080
gnl|RZaadb|2422
gnl|RZaadb|233
gnl|RZaadb|2428
gnl|RZaadb|1002
gnl|RZaadb|1002
gnl|RZaadb|515
gnl|RZaadb|3801
gnl|RZaadb|1527
gnl|RZaadb|1513
gnl|RZaadb|1224
gnl|RZaadb|1771
gnl|RZaadb|1766
gnl|RZaadb|5699
gnl|RZaadb|2947
gnl|RZaadb|5876
gnl|RZaadb|630
gnl|RZaadb|5459
gnl|RZaadb|364
gnl|RZaadb|5235
gnl|RZaadb|5128
gnl|RZaadb|4413
gnl|RZaadb|1949
gnl|RZaadb|838
gnl|RZaadb|1948
gnl|RZaadb|4361
gnl|RZaadb|4361
gnl|RZaadb|3929
gnl|RZaadb|1692
gnl|RZaadb|2449
gnl|RZaadb|1480
gnl|RZaadb|5022
gnl|RZaadb|2013
gnl|RZaadb|2096
gnl|RZaadb|3763
gnl|RZaadb|6050
gnl|RZaadb|3356
gnl|RZaadb|1546
gnl|RZaadb|316
gnl|RZaadb|2336
gnl|RZaadb|851
gnl|RZaadb|1194
gnl|RZaadb|1590
gnl|RZaadb|5047
gnl|RZaadb|5837
gnl|RZaadb|3296
gnl|RZaadb|4718
gnl|RZaadb|4718
gnl|RZaadb|3399
gnl|RZaadb|3092
gnl|RZaadb|4333
gnl|RZaadb|5437
gnl|RZaadb|5119
gnl|RZaadb|5976
gnl|RZaadb|1061
gnl|RZaadb|2442
gnl|RZaadb|3150
gnl|RZaadb|180
gnl|RZaadb|3123
gnl|RZaadb|3378
gnl|RZaadb|255
gnl|RZaadb|1259
gnl|RZaadb|93
gnl|RZaadb|4282
gnl|RZaadb|5690
gnl|RZaadb|5690
gnl|RZaadb|4390
gnl|RZaadb|3353
gnl|RZaadb|3354
gnl|RZaadb|5214
gnl|RZaadb|2339
gnl|RZaadb|844
gnl|RZaadb|3930
gnl|RZaadb|3349
gnl|RZaadb|3021
gnl|RZaadb|2524
gnl|RZaadb|1386
gnl|RZaadb|3521
gnl|RZaadb|4599
gnl|RZaadb|3609
gnl|RZaadb|2259
gnl|RZaadb|5714
gnl|RZaadb|4253
gnl|RZaadb|5290
gnl|RZaadb|3119
gnl|RZaadb|1828
gnl|RZaadb|1166
gnl|RZaadb|1805
gnl|RZaadb|3802
gnl|RZaadb|442
gnl|RZaadb|3046
gnl|RZaadb|3046
gnl|RZaadb|3911
gnl|RZaadb|3807
gnl|RZaadb|1399
gnl|RZaadb|5609
gnl|RZaadb|1983
gnl|RZaadb|5202
gnl|RZaadb|1473
gnl|RZaadb|5518
gnl|RZaadb|4427
gnl|RZaadb|2847
gnl|RZaadb|2076
gnl|RZaadb|176
gnl|RZaadb|410
gnl|RZaadb|5029
gnl|RZaadb|178
gnl|RZaadb|1780
gnl|RZaadb|4625
gnl|RZaadb|2246
gnl|RZaadb|2315
gnl|RZaadb|5683
gnl|RZaadb|4392
gnl|RZaadb|5449
gnl|RZaadb|1062
gnl|RZaadb|1203
gnl|RZaadb|532
gnl|RZaadb|2404
gnl|RZaadb|5386
gnl|RZaadb|1275
gnl|RZaadb|1178
gnl|RZaadb|3559
gnl|RZaadb|3410
gnl|RZaadb|3160
gnl|RZaadb|1918
gnl|RZaadb|3315
gnl|RZaadb|1871
gnl|RZaadb|1366
gnl|RZaadb|1201
gnl|RZaadb|4999
gnl|RZaadb|4999
gnl|RZaadb|3912
gnl|RZaadb|3911
gnl|RZaadb|4528
gnl|RZaadb|6143
gnl|RZaadb|323
gnl|RZaadb|620
gnl|RZaadb|4809
gnl|RZaadb|6177
gnl|RZaadb|804
gnl|RZaadb|947
gnl|RZaadb|5382
gnl|RZaadb|5848
gnl|RZaadb|2435
gnl|RZaadb|2436
gnl|RZaadb|4964
gnl|RZaadb|2862
gnl|RZaadb|2862
gnl|RZaadb|5939
gnl|RZaadb|3483
gnl|RZaadb|2386
gnl|RZaadb|819
gnl|RZaadb|734
gnl|RZaadb|2617
gnl|RZaadb|3120
gnl|RZaadb|2018
gnl|RZaadb|2018
gnl|RZaadb|4673
gnl|RZaadb|4394
gnl|RZaadb|55
gnl|RZaadb|2348
gnl|RZaadb|505
gnl|RZaadb|686
gnl|RZaadb|2113
gnl|RZaadb|1428
gnl|RZaadb|4428
gnl|RZaadb|4428
gnl|RZaadb|4428
gnl|RZaadb|1535
gnl|RZaadb|622
gnl|RZaadb|5778
gnl|RZaadb|1918
gnl|RZaadb|627
gnl|RZaadb|2460
gnl|RZaadb|4743
gnl|RZaadb|1180
gnl|RZaadb|3719
gnl|RZaadb|3499
gnl|RZaadb|4265
gnl|RZaadb|3505
gnl|RZaadb|3415
gnl|RZaadb|1407
gnl|RZaadb|4286
gnl|RZaadb|3277
gnl|RZaadb|3539
gnl|RZaadb|4056
gnl|RZaadb|5590
gnl|RZaadb|4625
gnl|RZaadb|6000
gnl|RZaadb|2951
gnl|RZaadb|3570
gnl|RZaadb|5139
gnl|RZaadb|5394
gnl|RZaadb|1331
gnl|RZaadb|1331
gnl|RZaadb|1239
gnl|RZaadb|3064
gnl|RZaadb|2167
gnl|RZaadb|4680
gnl|RZaadb|5013
gnl|RZaadb|3522
gnl|RZaadb|869
gnl|RZaadb|5137
gnl|RZaadb|3299
gnl|RZaadb|3086
gnl|RZaadb|5251
gnl|RZaadb|2058
gnl|RZaadb|1659
gnl|RZaadb|4056
gnl|RZaadb|3277
gnl|RZaadb|3952
gnl|RZaadb|3280
gnl|RZaadb|3897
gnl|RZaadb|4464
gnl|RZaadb|6082
gnl|RZaadb|1848
gnl|RZaadb|2204
gnl|RZaadb|2548
gnl|RZaadb|648
gnl|RZaadb|3393
gnl|RZaadb|5635
gnl|RZaadb|5158
gnl|RZaadb|4823
gnl|RZaadb|1055
gnl|RZaadb|400
gnl|RZaadb|3379
gnl|RZaadb|4820
gnl|RZaadb|4797
gnl|RZaadb|4969
gnl|RZaadb|3384
gnl|RZaadb|1520
gnl|RZaadb|3620
gnl|RZaadb|2330
gnl|RZaadb|5118
gnl|RZaadb|5159
gnl|RZaadb|3079
gnl|RZaadb|6159
gnl|RZaadb|1482
gnl|RZaadb|2186
gnl|RZaadb|5336
gnl|RZaadb|1332
gnl|RZaadb|3498
gnl|RZaadb|5564
gnl|RZaadb|3496
gnl|RZaadb|5215
gnl|RZaadb|3495
gnl|RZaadb|271
gnl|RZaadb|270
gnl|RZaadb|2139
gnl|RZaadb|5691
gnl|RZaadb|1916
gnl|RZaadb|1477
gnl|RZaadb|5339
gnl|RZaadb|1478
gnl|RZaadb|1124
gnl|RZaadb|5807
gnl|RZaadb|244
gnl|RZaadb|5441
gnl|RZaadb|4303
gnl|RZaadb|2808
gnl|RZaadb|440
gnl|RZaadb|4306
gnl|RZaadb|5504
gnl|RZaadb|1016
gnl|RZaadb|3242
gnl|RZaadb|808
gnl|RZaadb|4934
gnl|RZaadb|2565
gnl|RZaadb|4970
gnl|RZaadb|5853
gnl|RZaadb|1311
gnl|RZaadb|5713
gnl|RZaadb|5080
gnl|RZaadb|3480
gnl|RZaadb|2898
gnl|RZaadb|180
gnl|RZaadb|35
gnl|RZaadb|969
gnl|RZaadb|318
gnl|RZaadb|34
gnl|RZaadb|3225
gnl|RZaadb|11
gnl|RZaadb|3003
gnl|RZaadb|4338
gnl|RZaadb|2174
gnl|RZaadb|3354
gnl|RZaadb|5085
gnl|RZaadb|515
gnl|RZaadb|5196
gnl|RZaadb|5196
gnl|RZaadb|5667
gnl|RZaadb|1166
gnl|RZaadb|292
gnl|RZaadb|5095
gnl|RZaadb|5934
gnl|RZaadb|4684
gnl|RZaadb|3171
gnl|RZaadb|2442
gnl|RZaadb|4077
gnl|RZaadb|3631
gnl|RZaadb|4075
gnl|RZaadb|3630
gnl|RZaadb|543
gnl|RZaadb|755
gnl|RZaadb|669
gnl|RZaadb|4404
gnl|RZaadb|4774
gnl|RZaadb|5188
gnl|RZaadb|5188
gnl|RZaadb|5188
gnl|RZaadb|4405
gnl|RZaadb|1928
gnl|RZaadb|3075
gnl|RZaadb|1954
gnl|RZaadb|174
gnl|RZaadb|2565
gnl|RZaadb|5485
gnl|RZaadb|2918
gnl|RZaadb|3043
gnl|RZaadb|2613
gnl|RZaadb|2613
gnl|RZaadb|1096
gnl|RZaadb|3834
gnl|RZaadb|228
gnl|RZaadb|5214
gnl|RZaadb|2535
gnl|RZaadb|1764
gnl|RZaadb|159
gnl|RZaadb|4908
gnl|RZaadb|151
gnl|RZaadb|2290
gnl|RZaadb|1273
gnl|RZaadb|1274
gnl|RZaadb|1156
gnl|RZaadb|5630
gnl|RZaadb|1474
gnl|RZaadb|4998
gnl|RZaadb|2775
gnl|RZaadb|1266
gnl|RZaadb|1779
gnl|RZaadb|2215
gnl|RZaadb|3094
gnl|RZaadb|4272
gnl|RZaadb|5501
gnl|RZaadb|609
gnl|RZaadb|5538
gnl|RZaadb|3324
gnl|RZaadb|4287
gnl|RZaadb|3102
gnl|RZaadb|3247
gnl|RZaadb|5254
gnl|RZaadb|1989
gnl|RZaadb|745
gnl|RZaadb|25
gnl|RZaadb|445
gnl|RZaadb|24
gnl|RZaadb|39
gnl|RZaadb|53
gnl|RZaadb|2604
gnl|RZaadb|2605
gnl|RZaadb|23
gnl|RZaadb|40
gnl|RZaadb|41
gnl|RZaadb|50
gnl|RZaadb|22
gnl|RZaadb|42
gnl|RZaadb|2606
gnl|RZaadb|361
gnl|RZaadb|43
gnl|RZaadb|360
gnl|RZaadb|359
gnl|RZaadb|44
gnl|RZaadb|45
gnl|RZaadb|358
gnl|RZaadb|46
gnl|RZaadb|733
gnl|RZaadb|21
gnl|RZaadb|357
gnl|RZaadb|2607
gnl|RZaadb|20
gnl|RZaadb|2015
gnl|RZaadb|1055
gnl|RZaadb|5753
gnl|RZaadb|5296
gnl|RZaadb|4003
gnl|RZaadb|1900
gnl|RZaadb|5420
gnl|RZaadb|5105
gnl|RZaadb|2745
gnl|RZaadb|5394
gnl|RZaadb|5408
gnl|RZaadb|5997
gnl|RZaadb|5300
gnl|RZaadb|1245
gnl|RZaadb|5915
gnl|RZaadb|123
gnl|RZaadb|5847
gnl|RZaadb|122
gnl|RZaadb|19
gnl|RZaadb|2094
gnl|RZaadb|3299
gnl|RZaadb|4631
gnl|RZaadb|5630
gnl|RZaadb|4450
gnl|RZaadb|274
gnl|RZaadb|5744
gnl|RZaadb|3102
gnl|RZaadb|3410
gnl|RZaadb|5453
gnl|RZaadb|390
gnl|RZaadb|200
gnl|RZaadb|2332
gnl|RZaadb|3359
gnl|RZaadb|5779
gnl|RZaadb|1033
gnl|RZaadb|1079
gnl|RZaadb|2398
gnl|RZaadb|5180
gnl|RZaadb|1290
gnl|RZaadb|3954
gnl|RZaadb|1245
gnl|RZaadb|459
gnl|RZaadb|5318
gnl|RZaadb|1317
gnl|RZaadb|3518
gnl|RZaadb|1848
gnl|RZaadb|1189
gnl|RZaadb|2322
gnl|RZaadb|437
gnl|RZaadb|3783
gnl|RZaadb|213
gnl|RZaadb|5554
gnl|RZaadb|1344
gnl|RZaadb|1948
gnl|RZaadb|603
gnl|RZaadb|2014
gnl|RZaadb|1967
gnl|RZaadb|1963
gnl|RZaadb|1788
gnl|RZaadb|4458
gnl|RZaadb|3449
gnl|RZaadb|511
gnl|RZaadb|4745
gnl|RZaadb|2328
gnl|RZaadb|6087
gnl|RZaadb|2612
gnl|RZaadb|2387
gnl|RZaadb|3427
gnl|RZaadb|4334
gnl|RZaadb|1081
gnl|RZaadb|973
gnl|RZaadb|4254
gnl|RZaadb|624
gnl|RZaadb|815
gnl|RZaadb|3075
gnl|RZaadb|5795
gnl|RZaadb|1425
gnl|RZaadb|1425
gnl|RZaadb|2449
gnl|RZaadb|4096
gnl|RZaadb|200
gnl|RZaadb|4485
gnl|RZaadb|778
gnl|RZaadb|3986
gnl|RZaadb|4928
gnl|RZaadb|5902
gnl|RZaadb|4704
gnl|RZaadb|2534
gnl|RZaadb|3896
gnl|RZaadb|5098
gnl|RZaadb|5100
gnl|RZaadb|69
gnl|RZaadb|4590
gnl|RZaadb|3997
gnl|RZaadb|4291
gnl|RZaadb|195
gnl|RZaadb|4934
gnl|RZaadb|3064
gnl|RZaadb|2452
gnl|RZaadb|2292
gnl|RZaadb|3460
gnl|RZaadb|5413
gnl|RZaadb|4427
gnl|RZaadb|1105
gnl|RZaadb|5065
gnl|RZaadb|4760
gnl|RZaadb|4761
gnl|RZaadb|4762
gnl|RZaadb|4763
gnl|RZaadb|4764
gnl|RZaadb|5835
gnl|RZaadb|395
gnl|RZaadb|396
gnl|RZaadb|1461
gnl|RZaadb|2405
gnl|RZaadb|272
gnl|RZaadb|1463
gnl|RZaadb|107
gnl|RZaadb|165
gnl|RZaadb|5941
gnl|RZaadb|3105
gnl|RZaadb|5076
gnl|RZaadb|5098
gnl|RZaadb|2409
gnl|RZaadb|5255
gnl|RZaadb|5255
gnl|RZaadb|5698
gnl|RZaadb|4463
gnl|RZaadb|4427
gnl|RZaadb|4244
gnl|RZaadb|6074
gnl|RZaadb|1680
gnl|RZaadb|3159
gnl|RZaadb|441
gnl|RZaadb|3969
gnl|RZaadb|1641
gnl|RZaadb|1641
gnl|RZaadb|3886
gnl|RZaadb|5631
gnl|RZaadb|3944
gnl|RZaadb|4482
gnl|RZaadb|2502
gnl|RZaadb|2499
gnl|RZaadb|2292
gnl|RZaadb|5055
gnl|RZaadb|3172
gnl|RZaadb|3046
gnl|RZaadb|3046
gnl|RZaadb|2323
gnl|RZaadb|1904
gnl|RZaadb|4803
gnl|RZaadb|4389
gnl|RZaadb|2769
gnl|RZaadb|2011
gnl|RZaadb|544
gnl|RZaadb|3755
gnl|RZaadb|2103
gnl|RZaadb|1166
gnl|RZaadb|5709
gnl|RZaadb|3512
gnl|RZaadb|905
gnl|RZaadb|3442
gnl|RZaadb|1165
gnl|RZaadb|4190
gnl|RZaadb|1474
gnl|RZaadb|4998
gnl|RZaadb|3400
gnl|RZaadb|3400
gnl|RZaadb|5551
gnl|RZaadb|3645
gnl|RZaadb|288
gnl|RZaadb|1087
gnl|RZaadb|401
gnl|RZaadb|3213
gnl|RZaadb|4502
gnl|RZaadb|5806
gnl|RZaadb|1973
gnl|RZaadb|6087
gnl|RZaadb|5326
gnl|RZaadb|1407
gnl|RZaadb|2944
gnl|RZaadb|2731
gnl|RZaadb|575
gnl|RZaadb|5864
gnl|RZaadb|2760
gnl|RZaadb|2694
gnl|RZaadb|1077
gnl|RZaadb|4797
gnl|RZaadb|5011
gnl|RZaadb|442
gnl|RZaadb|3158
gnl|RZaadb|1123
gnl|RZaadb|441
gnl|RZaadb|3159
gnl|RZaadb|1324
gnl|RZaadb|4587
gnl|RZaadb|2459
gnl|RZaadb|1130
gnl|RZaadb|1262
gnl|RZaadb|4162
gnl|RZaadb|231
gnl|RZaadb|3988
gnl|RZaadb|343
gnl|RZaadb|4
gnl|RZaadb|5911
gnl|RZaadb|804
gnl|RZaadb|3076
gnl|RZaadb|3083
gnl|RZaadb|1859
gnl|RZaadb|2794
gnl|RZaadb|4271
gnl|RZaadb|5133
gnl|RZaadb|5132
gnl|RZaadb|2454
gnl|RZaadb|114
gnl|RZaadb|1440
gnl|RZaadb|139
gnl|RZaadb|1962
gnl|RZaadb|1002
gnl|RZaadb|4582
gnl|RZaadb|4104
gnl|RZaadb|1052
gnl|RZaadb|4869
gnl|RZaadb|4867
gnl|RZaadb|5133
gnl|RZaadb|3731
gnl|RZaadb|5583
gnl|RZaadb|4054
gnl|RZaadb|2363
gnl|RZaadb|3120
gnl|RZaadb|3527
gnl|RZaadb|3528
gnl|RZaadb|1519
gnl|RZaadb|123
gnl|RZaadb|4661
gnl|RZaadb|3406
gnl|RZaadb|3681
gnl|RZaadb|629
gnl|RZaadb|1498
gnl|RZaadb|1498
gnl|RZaadb|3527
gnl|RZaadb|3528
gnl|RZaadb|4618
gnl|RZaadb|3540
gnl|RZaadb|1873
gnl|RZaadb|108
gnl|RZaadb|4686
gnl|RZaadb|2429
gnl|RZaadb|1415
gnl|RZaadb|415
gnl|RZaadb|4395
gnl|RZaadb|1014
gnl|RZaadb|764
gnl|RZaadb|1707
gnl|RZaadb|6134
gnl|RZaadb|1746
gnl|RZaadb|5675
gnl|RZaadb|2742
gnl|RZaadb|2345
gnl|RZaadb|2346
gnl|RZaadb|3125
gnl|RZaadb|3555
gnl|RZaadb|3138
gnl|RZaadb|5232
gnl|RZaadb|3909
gnl|RZaadb|4618
gnl|RZaadb|1767
gnl|RZaadb|5257
gnl|RZaadb|3856
gnl|RZaadb|3856
gnl|RZaadb|6134
gnl|RZaadb|5646
gnl|RZaadb|3542
gnl|RZaadb|3861
gnl|RZaadb|3132
gnl|RZaadb|1139
gnl|RZaadb|196
gnl|RZaadb|1059
gnl|RZaadb|56
gnl|RZaadb|588
gnl|RZaadb|1755
gnl|RZaadb|3366
gnl|RZaadb|3372
gnl|RZaadb|1074
gnl|RZaadb|3292
gnl|RZaadb|2791
gnl|RZaadb|2559
gnl|RZaadb|3503
gnl|RZaadb|2293
gnl|RZaadb|658
gnl|RZaadb|49
gnl|RZaadb|1190
gnl|RZaadb|3335
gnl|RZaadb|1850
gnl|RZaadb|3237
gnl|RZaadb|1560
gnl|RZaadb|3624
gnl|RZaadb|3017
gnl|RZaadb|4683
gnl|RZaadb|3747
gnl|RZaadb|3760
gnl|RZaadb|5979
gnl|RZaadb|3891
gnl|RZaadb|2393
gnl|RZaadb|2406
gnl|RZaadb|1715
gnl|RZaadb|1529
gnl|RZaadb|6069
gnl|RZaadb|4928
gnl|RZaadb|481
gnl|RZaadb|2267
gnl|RZaadb|1304
gnl|RZaadb|1589
gnl|RZaadb|2856
gnl|RZaadb|2893
gnl|RZaadb|5726
gnl|RZaadb|2526
gnl|RZaadb|2147
gnl|RZaadb|2322
gnl|RZaadb|2069
gnl|RZaadb|5087
gnl|RZaadb|5087
gnl|RZaadb|3557
gnl|RZaadb|2006
gnl|RZaadb|2006
gnl|RZaadb|1821
gnl|RZaadb|4056
gnl|RZaadb|3096
gnl|RZaadb|2269
gnl|RZaadb|5479
gnl|RZaadb|5561
gnl|RZaadb|1054
gnl|RZaadb|1060
gnl|RZaadb|670
gnl|RZaadb|258
gnl|RZaadb|5534
gnl|RZaadb|4274
gnl|RZaadb|1502
gnl|RZaadb|1768
gnl|RZaadb|1638
gnl|RZaadb|1903
gnl|RZaadb|4117
gnl|RZaadb|1832
gnl|RZaadb|2637
gnl|RZaadb|1364
gnl|RZaadb|6097
gnl|RZaadb|5903
gnl|RZaadb|1625
gnl|RZaadb|2384
gnl|RZaadb|5128
gnl|RZaadb|4426
gnl|RZaadb|4353
gnl|RZaadb|242
gnl|RZaadb|243
gnl|RZaadb|3264
gnl|RZaadb|3265
gnl|RZaadb|5158
gnl|RZaadb|1848
gnl|RZaadb|1847
gnl|RZaadb|1543
gnl|RZaadb|1544
gnl|RZaadb|4421
gnl|RZaadb|4420
gnl|RZaadb|4419
gnl|RZaadb|1357
gnl|RZaadb|1682
gnl|RZaadb|775
gnl|RZaadb|3919
gnl|RZaadb|4276
gnl|RZaadb|4275
gnl|RZaadb|3603
gnl|RZaadb|574
gnl|RZaadb|5968
gnl|RZaadb|2389
gnl|RZaadb|1071
gnl|RZaadb|4354
gnl|RZaadb|4354
gnl|RZaadb|3017
gnl|RZaadb|1101
gnl|RZaadb|4964
gnl|RZaadb|5778
gnl|RZaadb|1125
gnl|RZaadb|4567
gnl|RZaadb|3377
gnl|RZaadb|5009
gnl|RZaadb|5306
gnl|RZaadb|5306
gnl|RZaadb|4042
gnl|RZaadb|79
gnl|RZaadb|79
gnl|RZaadb|188
gnl|RZaadb|5336
gnl|RZaadb|226
gnl|RZaadb|676
gnl|RZaadb|112
gnl|RZaadb|4918
gnl|RZaadb|2747
gnl|RZaadb|3136
gnl|RZaadb|3851
gnl|RZaadb|693
gnl|RZaadb|5608
gnl|RZaadb|5921
gnl|RZaadb|507
gnl|RZaadb|4949
gnl|RZaadb|4393
gnl|RZaadb|5758
gnl|RZaadb|2832
gnl|RZaadb|5686
gnl|RZaadb|4415
gnl|RZaadb|803
gnl|RZaadb|5977
gnl|RZaadb|5977
gnl|RZaadb|1142
gnl|RZaadb|1999
gnl|RZaadb|2902
gnl|RZaadb|5545
gnl|RZaadb|3834
gnl|RZaadb|3408
gnl|RZaadb|4316
gnl|RZaadb|1376
gnl|RZaadb|4550
gnl|RZaadb|3328
gnl|RZaadb|5237
gnl|RZaadb|3358
gnl|RZaadb|1253
gnl|RZaadb|1743
gnl|RZaadb|117
gnl|RZaadb|5613
gnl|RZaadb|4072
gnl|RZaadb|3250
gnl|RZaadb|5375
gnl|RZaadb|5634
gnl|RZaadb|2050
gnl|RZaadb|2037
gnl|RZaadb|5346
gnl|RZaadb|3244
gnl|RZaadb|3013
gnl|RZaadb|5281
gnl|RZaadb|4469
gnl|RZaadb|3480
gnl|RZaadb|3315
gnl|RZaadb|5089
gnl|RZaadb|6066
gnl|RZaadb|1274
gnl|RZaadb|1808
gnl|RZaadb|194
gnl|RZaadb|1579
gnl|RZaadb|1318
gnl|RZaadb|5979
gnl|RZaadb|5648
gnl|RZaadb|1183
gnl|RZaadb|532
gnl|RZaadb|5155
gnl|RZaadb|2324
gnl|RZaadb|3226
gnl|RZaadb|961
gnl|RZaadb|3740
gnl|RZaadb|3897
gnl|RZaadb|5489
gnl|RZaadb|3661
gnl|RZaadb|2406
gnl|RZaadb|1306
gnl|RZaadb|4888
gnl|RZaadb|5251
gnl|RZaadb|3073
gnl|RZaadb|5618
gnl|RZaadb|2516
gnl|RZaadb|4427
gnl|RZaadb|1537
gnl|RZaadb|3498
gnl|RZaadb|3489
gnl|RZaadb|2947
gnl|RZaadb|3653
gnl|RZaadb|34
gnl|RZaadb|1656
gnl|RZaadb|4054
gnl|RZaadb|3892
gnl|RZaadb|52
gnl|RZaadb|966
gnl|RZaadb|1470
gnl|RZaadb|2910
gnl|RZaadb|4964
gnl|RZaadb|3492
gnl|RZaadb|5757
gnl|RZaadb|4796
gnl|RZaadb|175
gnl|RZaadb|1387
gnl|RZaadb|1652
gnl|RZaadb|3550
gnl|RZaadb|1917
gnl|RZaadb|1331
gnl|RZaadb|5667
gnl|RZaadb|3759
gnl|RZaadb|301
gnl|RZaadb|5782
gnl|RZaadb|3892
gnl|RZaadb|472
gnl|RZaadb|2680
gnl|RZaadb|138
gnl|RZaadb|4868
gnl|RZaadb|1025
gnl|RZaadb|1024
gnl|RZaadb|4862
gnl|RZaadb|5131
gnl|RZaadb|1545
gnl|RZaadb|29
gnl|RZaadb|3632
gnl|RZaadb|3210
gnl|RZaadb|3660
gnl|RZaadb|4241
gnl|RZaadb|2307
gnl|RZaadb|5584
gnl|RZaadb|5435
gnl|RZaadb|1840
gnl|RZaadb|2315
gnl|RZaadb|103
gnl|RZaadb|73
gnl|RZaadb|271
gnl|RZaadb|3320
gnl|RZaadb|1714
gnl|RZaadb|139
gnl|RZaadb|3319
gnl|RZaadb|4047
gnl|RZaadb|915
gnl|RZaadb|1066
gnl|RZaadb|1533
gnl|RZaadb|3649
gnl|RZaadb|1255
gnl|RZaadb|1237
gnl|RZaadb|3247
gnl|RZaadb|3067
gnl|RZaadb|4130
gnl|RZaadb|5990
gnl|RZaadb|110
gnl|RZaadb|2629
gnl|RZaadb|1018
gnl|RZaadb|123
gnl|RZaadb|47
gnl|RZaadb|117
gnl|RZaadb|118
gnl|RZaadb|119
gnl|RZaadb|5832
gnl|RZaadb|120
gnl|RZaadb|121
gnl|RZaadb|5914
gnl|RZaadb|4286
gnl|RZaadb|1804
gnl|RZaadb|3819
gnl|RZaadb|861
gnl|RZaadb|3820
gnl|RZaadb|3817
gnl|RZaadb|5679
gnl|RZaadb|4273
gnl|RZaadb|544
gnl|RZaadb|106
gnl|RZaadb|17
gnl|RZaadb|5861
gnl|RZaadb|2923
gnl|RZaadb|1808
gnl|RZaadb|5072
gnl|RZaadb|3079
gnl|RZaadb|4289
gnl|RZaadb|1841
gnl|RZaadb|3417
gnl|RZaadb|325
gnl|RZaadb|4253
gnl|RZaadb|5951
gnl|RZaadb|3307
gnl|RZaadb|5863
gnl|RZaadb|3094
gnl|RZaadb|5380
gnl|RZaadb|2384
gnl|RZaadb|2426
gnl|RZaadb|4993
gnl|RZaadb|3315
gnl|RZaadb|190
gnl|RZaadb|3289
gnl|RZaadb|805
gnl|RZaadb|5529
gnl|RZaadb|895
gnl|RZaadb|2483
gnl|RZaadb|2442
gnl|RZaadb|5716
gnl|RZaadb|5999
gnl|RZaadb|4674
gnl|RZaadb|1033
gnl|RZaadb|951
gnl|RZaadb|4764
gnl|RZaadb|5503
gnl|RZaadb|1062
gnl|RZaadb|2065
gnl|RZaadb|5317
gnl|RZaadb|3261
gnl|RZaadb|1250
gnl|RZaadb|592
gnl|RZaadb|3480
gnl|RZaadb|2951
gnl|RZaadb|5354
gnl|RZaadb|5186
gnl|RZaadb|1843
gnl|RZaadb|1196
gnl|RZaadb|4111
gnl|RZaadb|3995
gnl|RZaadb|717
gnl|RZaadb|5384
gnl|RZaadb|1854
gnl|RZaadb|1855
gnl|RZaadb|970
gnl|RZaadb|5204
gnl|RZaadb|5135
gnl|RZaadb|1540
gnl|RZaadb|4785
gnl|RZaadb|2150
gnl|RZaadb|5467
gnl|RZaadb|5467
gnl|RZaadb|151
gnl|RZaadb|5341
gnl|RZaadb|4284
gnl|RZaadb|5439
gnl|RZaadb|1002
gnl|RZaadb|2760
gnl|RZaadb|5963
gnl|RZaadb|5963
gnl|RZaadb|2863
gnl|RZaadb|2864
gnl|RZaadb|2864
gnl|RZaadb|1407
gnl|RZaadb|1498
gnl|RZaadb|1498
gnl|RZaadb|4427
gnl|RZaadb|4999
gnl|RZaadb|5138
gnl|RZaadb|3904
gnl|RZaadb|4001
gnl|RZaadb|2660
gnl|RZaadb|1967
gnl|RZaadb|3219
gnl|RZaadb|5243
gnl|RZaadb|1101
gnl|RZaadb|4681
gnl|RZaadb|563
gnl|RZaadb|4928
gnl|RZaadb|1761
gnl|RZaadb|479
gnl|RZaadb|1039
gnl|RZaadb|3469
gnl|RZaadb|274
gnl|RZaadb|3468
gnl|RZaadb|3467
gnl|RZaadb|3466
gnl|RZaadb|3465
gnl|RZaadb|3471
gnl|RZaadb|5557
gnl|RZaadb|4296
gnl|RZaadb|924
gnl|RZaadb|1282
gnl|RZaadb|5157
gnl|RZaadb|4295
gnl|RZaadb|4295
gnl|RZaadb|3559
gnl|RZaadb|4025
gnl|RZaadb|5726
gnl|RZaadb|3522
gnl|RZaadb|3400
gnl|RZaadb|3520
gnl|RZaadb|3768
gnl|RZaadb|4550
gnl|RZaadb|1991
gnl|RZaadb|534
gnl|RZaadb|2018
gnl|RZaadb|3730
gnl|RZaadb|623
gnl|RZaadb|1808
gnl|RZaadb|554
gnl|RZaadb|5417
gnl|RZaadb|4446
gnl|RZaadb|1513
gnl|RZaadb|2982
gnl|RZaadb|3520
gnl|RZaadb|3522
gnl|RZaadb|1877
gnl|RZaadb|4642
gnl|RZaadb|4360
gnl|RZaadb|993
gnl|RZaadb|4667
gnl|RZaadb|3522
gnl|RZaadb|363
gnl|RZaadb|3108
gnl|RZaadb|2003
gnl|RZaadb|2798
gnl|RZaadb|4321
gnl|RZaadb|675
gnl|RZaadb|388
gnl|RZaadb|5340
gnl|RZaadb|5404
gnl|RZaadb|580
gnl|RZaadb|4402
gnl|RZaadb|4322
gnl|RZaadb|4713
gnl|RZaadb|1280
gnl|RZaadb|2104
gnl|RZaadb|1546
gnl|RZaadb|3315
gnl|RZaadb|3070
gnl|RZaadb|3386
gnl|RZaadb|5933
gnl|RZaadb|4259
gnl|RZaadb|5428
gnl|RZaadb|3101
gnl|RZaadb|5373
gnl|RZaadb|1
gnl|RZaadb|1282
gnl|RZaadb|483
gnl|RZaadb|482
gnl|RZaadb|1464
gnl|RZaadb|995
gnl|RZaadb|2620
gnl|RZaadb|2608
gnl|RZaadb|3915
gnl|RZaadb|3916
gnl|RZaadb|4106
gnl|RZaadb|287
gnl|RZaadb|3912
gnl|RZaadb|3911
gnl|RZaadb|2614
gnl|RZaadb|4467
gnl|RZaadb|4999
gnl|RZaadb|2046
gnl|RZaadb|524
gnl|RZaadb|3070
gnl|RZaadb|2610
gnl|RZaadb|540
gnl|RZaadb|4618
gnl|RZaadb|4814
gnl|RZaadb|3546
gnl|RZaadb|4054
gnl|RZaadb|5194
gnl|RZaadb|656
gnl|RZaadb|4638
gnl|RZaadb|655
gnl|RZaadb|2795
gnl|RZaadb|608
gnl|RZaadb|1455
gnl|RZaadb|4665
gnl|RZaadb|729
gnl|RZaadb|2341
gnl|RZaadb|2256
gnl|RZaadb|1338
gnl|RZaadb|1240
gnl|RZaadb|2553
gnl|RZaadb|5196
gnl|RZaadb|5166
gnl|RZaadb|2223
gnl|RZaadb|1611
gnl|RZaadb|6114
gnl|RZaadb|5695
gnl|RZaadb|2811
gnl|RZaadb|912
gnl|RZaadb|4033
gnl|RZaadb|1552
gnl|RZaadb|298
gnl|RZaadb|1846
gnl|RZaadb|631
gnl|RZaadb|5963
gnl|RZaadb|1380
gnl|RZaadb|4828
gnl|RZaadb|1137
gnl|RZaadb|4061
gnl|RZaadb|1199
gnl|RZaadb|2408
gnl|RZaadb|1849
gnl|RZaadb|345
gnl|RZaadb|4733
gnl|RZaadb|4680
gnl|RZaadb|3116
gnl|RZaadb|2615
gnl|RZaadb|2179
gnl|RZaadb|1100
gnl|RZaadb|1694
gnl|RZaadb|930
gnl|RZaadb|3639
gnl|RZaadb|171
gnl|RZaadb|3516
gnl|RZaadb|2922
gnl|RZaadb|1734
gnl|RZaadb|5799
gnl|RZaadb|2787
gnl|RZaadb|5455
gnl|RZaadb|659
gnl|RZaadb|2924
gnl|RZaadb|4055
gnl|RZaadb|1202
gnl|RZaadb|4935
gnl|RZaadb|4937
gnl|RZaadb|3157
gnl|RZaadb|351
gnl|RZaadb|6177
gnl|RZaadb|804
gnl|RZaadb|1633
gnl|RZaadb|1313
gnl|RZaadb|2442
gnl|RZaadb|2452
gnl|RZaadb|5264
gnl|RZaadb|1655
gnl|RZaadb|3992
gnl|RZaadb|3992
gnl|RZaadb|4125
gnl|RZaadb|2399
gnl|RZaadb|145
gnl|RZaadb|350
gnl|RZaadb|4887
gnl|RZaadb|2029
gnl|RZaadb|2760
gnl|RZaadb|1438
gnl|RZaadb|2826
gnl|RZaadb|3094
gnl|RZaadb|3897
gnl|RZaadb|1967
gnl|RZaadb|5553
gnl|RZaadb|4746
gnl|RZaadb|4113
gnl|RZaadb|4366
gnl|RZaadb|1145
gnl|RZaadb|6131
gnl|RZaadb|5107
gnl|RZaadb|2400
gnl|RZaadb|1791
gnl|RZaadb|4415
gnl|RZaadb|5699
gnl|RZaadb|25
gnl|RZaadb|5473
gnl|RZaadb|398
gnl|RZaadb|4481
gnl|RZaadb|4826
gnl|RZaadb|4949
gnl|RZaadb|6065
gnl|RZaadb|2089
gnl|RZaadb|3905
gnl|RZaadb|3540
gnl|RZaadb|5590
gnl|RZaadb|2076
gnl|RZaadb|3242
gnl|RZaadb|316
gnl|RZaadb|5715
gnl|RZaadb|4748
gnl|RZaadb|5213
gnl|RZaadb|1974
gnl|RZaadb|1427
gnl|RZaadb|5232
gnl|RZaadb|1288
gnl|RZaadb|1718
gnl|RZaadb|323
gnl|RZaadb|1304
gnl|RZaadb|5366
gnl|RZaadb|2835
gnl|RZaadb|4461
gnl|RZaadb|4781
gnl|RZaadb|4965
gnl|RZaadb|4676
gnl|RZaadb|4676
gnl|RZaadb|4676
gnl|RZaadb|3001
gnl|RZaadb|3003
gnl|RZaadb|4304
gnl|RZaadb|5114
gnl|RZaadb|5114
gnl|RZaadb|3750
gnl|RZaadb|5746
gnl|RZaadb|5947
gnl|RZaadb|4056
gnl|RZaadb|3281
gnl|RZaadb|1756
gnl|RZaadb|5748
gnl|RZaadb|2364
gnl|RZaadb|3365
gnl|RZaadb|618
gnl|RZaadb|3821
gnl|RZaadb|1230
gnl|RZaadb|4129
gnl|RZaadb|3499
gnl|RZaadb|5491
gnl|RZaadb|605
gnl|RZaadb|803
gnl|RZaadb|3371
gnl|RZaadb|5818
gnl|RZaadb|1136
gnl|RZaadb|1002
gnl|RZaadb|3714
gnl|RZaadb|284
gnl|RZaadb|3451
gnl|RZaadb|5554
gnl|RZaadb|5818
gnl|RZaadb|3536
gnl|RZaadb|5959
gnl|RZaadb|3255
gnl|RZaadb|2269
gnl|RZaadb|1195
gnl|RZaadb|2157
gnl|RZaadb|78
gnl|RZaadb|2827
gnl|RZaadb|4447
gnl|RZaadb|4932
gnl|RZaadb|1146
gnl|RZaadb|5135
gnl|RZaadb|106
gnl|RZaadb|4872
gnl|RZaadb|6184
gnl|RZaadb|4846
gnl|RZaadb|815
gnl|RZaadb|1911
gnl|RZaadb|1980
gnl|RZaadb|4183
gnl|RZaadb|2517
gnl|RZaadb|223
gnl|RZaadb|3772
gnl|RZaadb|1933
gnl|RZaadb|3334
gnl|RZaadb|2859
gnl|RZaadb|2619
gnl|RZaadb|5279
gnl|RZaadb|1422
gnl|RZaadb|4479
gnl|RZaadb|3630
gnl|RZaadb|5896
gnl|RZaadb|1837
gnl|RZaadb|4990
gnl|RZaadb|3522
gnl|RZaadb|5777
gnl|RZaadb|3210
gnl|RZaadb|3371
gnl|RZaadb|4626
gnl|RZaadb|4427
gnl|RZaadb|5413
gnl|RZaadb|2363
gnl|RZaadb|3724
gnl|RZaadb|2575
gnl|RZaadb|3647
gnl|RZaadb|6059
gnl|RZaadb|5546
gnl|RZaadb|6043
gnl|RZaadb|5633
gnl|RZaadb|2938
gnl|RZaadb|3491
gnl|RZaadb|988
gnl|RZaadb|6096
gnl|RZaadb|3850
gnl|RZaadb|4731
gnl|RZaadb|75
gnl|RZaadb|4175
gnl|RZaadb|1087
gnl|RZaadb|2162
gnl|RZaadb|1298
gnl|RZaadb|772
gnl|RZaadb|3834
gnl|RZaadb|4932
gnl|RZaadb|1313
gnl|RZaadb|1166
gnl|RZaadb|5681
gnl|RZaadb|3832
gnl|RZaadb|4460
gnl|RZaadb|2203
gnl|RZaadb|5508
gnl|RZaadb|2680
gnl|RZaadb|3351
gnl|RZaadb|1678
gnl|RZaadb|5705
gnl|RZaadb|5110
gnl|RZaadb|4295
gnl|RZaadb|4295
gnl|RZaadb|416
gnl|RZaadb|532
gnl|RZaadb|4522
gnl|RZaadb|2810
gnl|RZaadb|4070
gnl|RZaadb|4202
gnl|RZaadb|2963
gnl|RZaadb|1401
gnl|RZaadb|2251
gnl|RZaadb|3754
gnl|RZaadb|5030
gnl|RZaadb|5213
gnl|RZaadb|5906
gnl|RZaadb|4344
gnl|RZaadb|5821
gnl|RZaadb|2103
gnl|RZaadb|922
gnl|RZaadb|5606
gnl|RZaadb|6123
gnl|RZaadb|5309
gnl|RZaadb|457
gnl|RZaadb|4762
gnl|RZaadb|1666
gnl|RZaadb|372
gnl|RZaadb|4259
gnl|RZaadb|1737
gnl|RZaadb|6180
gnl|RZaadb|900
gnl|RZaadb|4550
gnl|RZaadb|1923
gnl|RZaadb|2571
gnl|RZaadb|4649
gnl|RZaadb|3003
gnl|RZaadb|2907
gnl|RZaadb|2523
gnl|RZaadb|3484
gnl|RZaadb|4604
gnl|RZaadb|3419
gnl|RZaadb|2748
gnl|RZaadb|4489
gnl|RZaadb|2908
gnl|RZaadb|4128
gnl|RZaadb|1181
gnl|RZaadb|2348
gnl|RZaadb|4533
gnl|RZaadb|3122
gnl|RZaadb|4781
gnl|RZaadb|1651
gnl|RZaadb|4683
gnl|RZaadb|2267
gnl|RZaadb|1863
gnl|RZaadb|4683
gnl|RZaadb|4683
gnl|RZaadb|4683
gnl|RZaadb|535
gnl|RZaadb|544
gnl|RZaadb|100
gnl|RZaadb|3026
gnl|RZaadb|3114
gnl|RZaadb|1638
gnl|RZaadb|1403
gnl|RZaadb|5815
gnl|RZaadb|3282
gnl|RZaadb|2816
gnl|RZaadb|4667
gnl|RZaadb|1716
gnl|RZaadb|5156
gnl|RZaadb|6177
gnl|RZaadb|1641
gnl|RZaadb|4616
gnl|RZaadb|1597
gnl|RZaadb|1977
gnl|RZaadb|4459
gnl|RZaadb|107
gnl|RZaadb|4274
gnl|RZaadb|4816
gnl|RZaadb|3116
gnl|RZaadb|1176
gnl|RZaadb|4161
gnl|RZaadb|3516
gnl|RZaadb|4962
gnl|RZaadb|4624
gnl|RZaadb|5046
gnl|RZaadb|5437
gnl|RZaadb|5512
gnl|RZaadb|3118
gnl|RZaadb|4261
gnl|RZaadb|2131
gnl|RZaadb|1754
gnl|RZaadb|1984
gnl|RZaadb|5165
gnl|RZaadb|3522
gnl|RZaadb|5793
gnl|RZaadb|5033
gnl|RZaadb|1739
gnl|RZaadb|1932
gnl|RZaadb|2365
gnl|RZaadb|5397
gnl|RZaadb|5397
gnl|RZaadb|3707
gnl|RZaadb|5315
gnl|RZaadb|2619
gnl|RZaadb|2619
gnl|RZaadb|2619
gnl|RZaadb|2619
gnl|RZaadb|2618
gnl|RZaadb|6005
gnl|RZaadb|5643
gnl|RZaadb|1318
gnl|RZaadb|4457
gnl|RZaadb|244
gnl|RZaadb|1782
gnl|RZaadb|5098
gnl|RZaadb|947
gnl|RZaadb|1927
gnl|RZaadb|642
gnl|RZaadb|2405
gnl|RZaadb|3681
gnl|RZaadb|2500
gnl|RZaadb|2209
gnl|RZaadb|2209
gnl|RZaadb|1850
gnl|RZaadb|267
gnl|RZaadb|5687
gnl|RZaadb|5191
gnl|RZaadb|2234
gnl|RZaadb|4868
gnl|RZaadb|2315
gnl|RZaadb|5159
gnl|RZaadb|3097
gnl|RZaadb|5320
gnl|RZaadb|5307
gnl|RZaadb|5668
gnl|RZaadb|179
gnl|RZaadb|4179
gnl|RZaadb|646
gnl|RZaadb|5320
gnl|RZaadb|5839
gnl|RZaadb|2919
gnl|RZaadb|2599
gnl|RZaadb|5977
gnl|RZaadb|3130
gnl|RZaadb|802
gnl|RZaadb|5709
gnl|RZaadb|2745
gnl|RZaadb|605
gnl|RZaadb|767
gnl|RZaadb|4665
gnl|RZaadb|5168
gnl|RZaadb|1550
gnl|RZaadb|2140
gnl|RZaadb|2808
gnl|RZaadb|2347
gnl|RZaadb|2284
gnl|RZaadb|1388
gnl|RZaadb|1503
gnl|RZaadb|2269
gnl|RZaadb|1666
gnl|RZaadb|3357
gnl|RZaadb|1742
gnl|RZaadb|1895
gnl|RZaadb|1574
gnl|RZaadb|1516
gnl|RZaadb|1553
gnl|RZaadb|3940
gnl|RZaadb|4796
gnl|RZaadb|4053
gnl|RZaadb|191
gnl|RZaadb|705
gnl|RZaadb|3490
gnl|RZaadb|809
gnl|RZaadb|661
gnl|RZaadb|5017
gnl|RZaadb|5279
gnl|RZaadb|4416
gnl|RZaadb|3276
gnl|RZaadb|1895
gnl|RZaadb|5001
gnl|RZaadb|53
gnl|RZaadb|4826
gnl|RZaadb|4391
gnl|RZaadb|4120
gnl|RZaadb|2270
gnl|RZaadb|3772
gnl|RZaadb|5413
gnl|RZaadb|2301
gnl|RZaadb|1378
gnl|RZaadb|452
gnl|RZaadb|1214
gnl|RZaadb|3866
gnl|RZaadb|5131
gnl|RZaadb|4511
gnl|RZaadb|4442
gnl|RZaadb|2296
gnl|RZaadb|2069
gnl|RZaadb|3563
gnl|RZaadb|107
gnl|RZaadb|5765
gnl|RZaadb|2824
gnl|RZaadb|2401
gnl|RZaadb|2524
gnl|RZaadb|4637
gnl|RZaadb|3520
gnl|RZaadb|802
gnl|RZaadb|1925
gnl|RZaadb|5658
gnl|RZaadb|3412
gnl|RZaadb|4228
gnl|RZaadb|161
gnl|RZaadb|1996
