xynR	b0272	100	42.86	DNA-Binding-Region	25	45
betI	b0313	100	55	DNA-Binding-Region	31	50
phoB	b0399	95.96	48.42	DNA-Binding-Region	129	227
decR	b0447	100	50	DNA-Binding-Region	21	40
acrR	b0464	100	65	DNA-Binding-Region	33	52
cueR	b0487	100	40	DNA-Binding-Region	4	23
cusR	b0571	98.99	43.88	DNA-Binding-Region	125	223
kdpE	b0694	98	42.86	DNA-Binding-Region	126	225
cecR	b0796	100	50	DNA-Binding-Region	33	52
lrp	b0889	100	50	DNA-Binding-Region	31	50
rutR	b1013	100	65	DNA-Binding-Region	39	58
comR	b1111	100	45	DNA-Binding-Region	41	60
phoP	b1130	95.96	36.84	DNA-Binding-Region	124	222
puuR	b1299	100	45	DNA-Binding-Region	23	42
pgrR	b1328	100	55	DNA-Binding-Region	21	40
fnr	b1334	100	55	DNA-Binding-Region	197	216
slyA	b1642	100	50	DNA-Binding-Region	49	72
purR	b1658	100	66.67	DNA-Binding-Region	48	56
purR	b1658	100	65	DNA-Binding-Region	4	23
nimR	b1790	100	37.5	DNA-Binding-Region	225	248
nimR	b1790	100	36.36	DNA-Binding-Region	178	199
yebK	b1853	100	60	DNA-Binding-Region	37	56
uvrY	b1914	100	35	DNA-Binding-Region	167	186
nac	b1988	100	30	DNA-Binding-Region	18	37
baeR	b2079	100	34.62	DNA-Binding-Region	131	234
narP	b2193	100	45	DNA-Binding-Region	171	190
ada	b2213	100	25	DNA-Binding-Region	102	121
atoC	b2220	100	40	DNA-Binding-Region	433	452
lrhA	b2289	100	60	DNA-Binding-Region	28	47
hyfR	b2491	0	0	DNA-Binding-Region	641	660
iscR	b2531	100	33.33	DNA-Binding-Region	28	51
gcvA	b2808	100	80	DNA-Binding-Region	23	42
galR	b2837	100	75	DNA-Binding-Region	4	23
lysR	b2839	100	35	DNA-Binding-Region	21	40
argP	b2916	100	70	DNA-Binding-Region	21	40
yqhC	b3010	100	58.33	DNA-Binding-Region	278	301
yqhC	b3010	100	27.27	DNA-Binding-Region	230	251
ttdR	b3060	100	50	DNA-Binding-Region	23	42
exuR	b3094	100	55	DNA-Binding-Region	35	54
nanR	b3226	100	60	DNA-Binding-Region	58	77
envR	b3264	100	50	DNA-Binding-Region	33	52
zntR	b3292	100	50	DNA-Binding-Region	4	23
ompR	b3405	98	47.47	DNA-Binding-Region	135	234
rtcR	b3422	100	55	DNA-Binding-Region	485	504
arsR	b3501	100	40	DNA-Binding-Region	33	52
rbsR	b3753	100	60	DNA-Binding-Region	4	23
glnG	b3868	100	50	DNA-Binding-Region	445	464
csqR	b3884	100	40	DNA-Binding-Region	25	44
rhaS	b3905	100	37.5	DNA-Binding-Region	239	262
rhaS	b3905	100	31.82	DNA-Binding-Region	191	212
cpxR	b3912	96	50	DNA-Binding-Region	131	230
cytR	b3934	100	60	DNA-Binding-Region	12	31
oxyR	b3961	55	63.64	DNA-Binding-Region	18	37
birA	b3973	0	0	DNA-Binding-Region	22	41
soxR	b4063	100	80	DNA-Binding-Region	14	33
basR	b4113	97.89	40	DNA-Binding-Region	124	218
cadC	b4133	98	28.57	DNA-Binding-Region	3	102
nsrR	b4178	100	37.5	DNA-Binding-Region	28	51
aidB	b4187	9.8	10	DNA-Binding-Region	440	541
ulaR	b4191	100	45	DNA-Binding-Region	20	39
rob	b4396	100	50	DNA-Binding-Region	73	96
rob	b4396	100	40.91	DNA-Binding-Region	25	46
gntR	b3438	100	60	DNA-Binding-Region	8	27
